[
{
  "model": "auth.group",
  "fields": {
    "name": "Operator",
    "permissions": [
      [
        "change_user",
        "auth",
        "user"
      ],
      [
        "view_user",
        "auth",
        "user"
      ],
      [
        "add_supportmessage",
        "market",
        "supportmessage"
      ],
      [
        "change_supportmessage",
        "market",
        "supportmessage"
      ],
      [
        "view_supportmessage",
        "market",
        "supportmessage"
      ],
      [
        "change_supportrequest",
        "market",
        "supportrequest"
      ],
      [
        "view_supportrequest",
        "market",
        "supportrequest"
      ],
      [
        "change_userprofile",
        "market",
        "userprofile"
      ],
      [
        "view_userprofile",
        "market",
        "userprofile"
      ]
    ]
  }
},
{
  "model": "auth.group",
  "fields": {
    "name": "Project Admin",
    "permissions": [
      [
        "add_banner",
        "market",
        "banner"
      ],
      [
        "change_banner",
        "market",
        "banner"
      ],
      [
        "delete_banner",
        "market",
        "banner"
      ],
      [
        "view_banner",
        "market",
        "banner"
      ],
      [
        "add_category",
        "market",
        "category"
      ],
      [
        "change_category",
        "market",
        "category"
      ],
      [
        "delete_category",
        "market",
        "category"
      ],
      [
        "view_category",
        "market",
        "category"
      ],
      [
        "add_conversation",
        "market",
        "conversation"
      ],
      [
        "change_conversation",
        "market",
        "conversation"
      ],
      [
        "delete_conversation",
        "market",
        "conversation"
      ],
      [
        "view_conversation",
        "market",
        "conversation"
      ],
      [
        "add_dealcompletion",
        "market",
        "dealcompletion"
      ],
      [
        "change_dealcompletion",
        "market",
        "dealcompletion"
      ],
      [
        "delete_dealcompletion",
        "market",
        "dealcompletion"
      ],
      [
        "view_dealcompletion",
        "market",
        "dealcompletion"
      ],
      [
        "add_footerlink",
        "market",
        "footerlink"
      ],
      [
        "change_footerlink",
        "market",
        "footerlink"
      ],
      [
        "delete_footerlink",
        "market",
        "footerlink"
      ],
      [
        "view_footerlink",
        "market",
        "footerlink"
      ],
      [
        "add_footersociallink",
        "market",
        "footersociallink"
      ],
      [
        "change_footersociallink",
        "market",
        "footersociallink"
      ],
      [
        "delete_footersociallink",
        "market",
        "footersociallink"
      ],
      [
        "view_footersociallink",
        "market",
        "footersociallink"
      ],
      [
        "add_globalchatmessage",
        "market",
        "globalchatmessage"
      ],
      [
        "change_globalchatmessage",
        "market",
        "globalchatmessage"
      ],
      [
        "delete_globalchatmessage",
        "market",
        "globalchatmessage"
      ],
      [
        "view_globalchatmessage",
        "market",
        "globalchatmessage"
      ],
      [
        "add_listing",
        "market",
        "listing"
      ],
      [
        "change_listing",
        "market",
        "listing"
      ],
      [
        "delete_listing",
        "market",
        "listing"
      ],
      [
        "view_listing",
        "market",
        "listing"
      ],
      [
        "add_listingimage",
        "market",
        "listingimage"
      ],
      [
        "change_listingimage",
        "market",
        "listingimage"
      ],
      [
        "delete_listingimage",
        "market",
        "listingimage"
      ],
      [
        "view_listingimage",
        "market",
        "listingimage"
      ],
      [
        "add_listingpricehistory",
        "market",
        "listingpricehistory"
      ],
      [
        "change_listingpricehistory",
        "market",
        "listingpricehistory"
      ],
      [
        "delete_listingpricehistory",
        "market",
        "listingpricehistory"
      ],
      [
        "view_listingpricehistory",
        "market",
        "listingpricehistory"
      ],
      [
        "add_listingvideo",
        "market",
        "listingvideo"
      ],
      [
        "change_listingvideo",
        "market",
        "listingvideo"
      ],
      [
        "delete_listingvideo",
        "market",
        "listingvideo"
      ],
      [
        "view_listingvideo",
        "market",
        "listingvideo"
      ],
      [
        "add_message",
        "market",
        "message"
      ],
      [
        "change_message",
        "market",
        "message"
      ],
      [
        "delete_message",
        "market",
        "message"
      ],
      [
        "view_message",
        "market",
        "message"
      ],
      [
        "add_musictrack",
        "market",
        "musictrack"
      ],
      [
        "change_musictrack",
        "market",
        "musictrack"
      ],
      [
        "delete_musictrack",
        "market",
        "musictrack"
      ],
      [
        "view_musictrack",
        "market",
        "musictrack"
      ],
      [
        "add_newsitem",
        "market",
        "newsitem"
      ],
      [
        "change_newsitem",
        "market",
        "newsitem"
      ],
      [
        "delete_newsitem",
        "market",
        "newsitem"
      ],
      [
        "view_newsitem",
        "market",
        "newsitem"
      ],
      [
        "add_purchaserequest",
        "market",
        "purchaserequest"
      ],
      [
        "change_purchaserequest",
        "market",
        "purchaserequest"
      ],
      [
        "delete_purchaserequest",
        "market",
        "purchaserequest"
      ],
      [
        "view_purchaserequest",
        "market",
        "purchaserequest"
      ],
      [
        "add_recaptchaadminkeys",
        "market",
        "recaptchaadminkeys"
      ],
      [
        "change_recaptchaadminkeys",
        "market",
        "recaptchaadminkeys"
      ],
      [
        "delete_recaptchaadminkeys",
        "market",
        "recaptchaadminkeys"
      ],
      [
        "view_recaptchaadminkeys",
        "market",
        "recaptchaadminkeys"
      ],
      [
        "add_sellerreview",
        "market",
        "sellerreview"
      ],
      [
        "change_sellerreview",
        "market",
        "sellerreview"
      ],
      [
        "delete_sellerreview",
        "market",
        "sellerreview"
      ],
      [
        "view_sellerreview",
        "market",
        "sellerreview"
      ],
      [
        "add_sitesettings",
        "market",
        "sitesettings"
      ],
      [
        "change_sitesettings",
        "market",
        "sitesettings"
      ],
      [
        "delete_sitesettings",
        "market",
        "sitesettings"
      ],
      [
        "view_sitesettings",
        "market",
        "sitesettings"
      ],
      [
        "add_supportfaq",
        "market",
        "supportfaq"
      ],
      [
        "change_supportfaq",
        "market",
        "supportfaq"
      ],
      [
        "delete_supportfaq",
        "market",
        "supportfaq"
      ],
      [
        "view_supportfaq",
        "market",
        "supportfaq"
      ],
      [
        "add_supportmessage",
        "market",
        "supportmessage"
      ],
      [
        "change_supportmessage",
        "market",
        "supportmessage"
      ],
      [
        "delete_supportmessage",
        "market",
        "supportmessage"
      ],
      [
        "view_supportmessage",
        "market",
        "supportmessage"
      ],
      [
        "add_supportrequest",
        "market",
        "supportrequest"
      ],
      [
        "change_supportrequest",
        "market",
        "supportrequest"
      ],
      [
        "delete_supportrequest",
        "market",
        "supportrequest"
      ],
      [
        "view_supportrequest",
        "market",
        "supportrequest"
      ],
      [
        "add_usefullink",
        "market",
        "usefullink"
      ],
      [
        "change_usefullink",
        "market",
        "usefullink"
      ],
      [
        "delete_usefullink",
        "market",
        "usefullink"
      ],
      [
        "view_usefullink",
        "market",
        "usefullink"
      ],
      [
        "add_userprofile",
        "market",
        "userprofile"
      ],
      [
        "change_userprofile",
        "market",
        "userprofile"
      ],
      [
        "delete_userprofile",
        "market",
        "userprofile"
      ],
      [
        "view_userprofile",
        "market",
        "userprofile"
      ],
      [
        "add_visitsession",
        "market",
        "visitsession"
      ],
      [
        "change_visitsession",
        "market",
        "visitsession"
      ],
      [
        "delete_visitsession",
        "market",
        "visitsession"
      ],
      [
        "view_visitsession",
        "market",
        "visitsession"
      ]
    ]
  }
},
{
  "model": "auth.user",
  "fields": {
    "password": "pbkdf2_sha256$1000000$SPnWWClUTIIpcHqIVTbwWP$iUVriEsWt/pydm90BuR46ysRjwHv6IwMv05h8Y69UE0=",
    "last_login": "2026-02-27T06:16:41.964Z",
    "is_superuser": true,
    "username": "admin",
    "first_name": "",
    "last_name": "",
    "email": "admin@example.com",
    "is_staff": true,
    "is_active": true,
    "date_joined": "2026-02-27T06:04:37.383Z",
    "groups": [],
    "user_permissions": []
  }
},
{
  "model": "auth.user",
  "fields": {
    "password": "pbkdf2_sha256$1000000$oMHMcDVslIabOcWMWbzK8p$THZQZR/n7d0i+W676IsOBthoZOgYXWTia3eEZF9Wxuc=",
    "last_login": null,
    "is_superuser": false,
    "username": "testuser",
    "first_name": "",
    "last_name": "",
    "email": "testuser@example.com",
    "is_staff": false,
    "is_active": true,
    "date_joined": "2026-02-27T06:20:33.923Z",
    "groups": [],
    "user_permissions": []
  }
},
{
  "model": "auth.user",
  "fields": {
    "password": "pbkdf2_sha256$1000000$USY4ZRGI64ozNPI4aipHOH$IVWTa17ePh20gyGi3SkfiXgY1dVXqOowW7PWgVtazSw=",
    "last_login": "2026-03-25T14:21:16.761Z",
    "is_superuser": true,
    "username": "Louis",
    "first_name": "",
    "last_name": "",
    "email": "justboy96@inbox.ru",
    "is_staff": true,
    "is_active": true,
    "date_joined": "2026-02-27T06:28:07.807Z",
    "groups": [
      [
        "Project Admin"
      ]
    ],
    "user_permissions": []
  }
},
{
  "model": "auth.user",
  "fields": {
    "password": "pbkdf2_sha256$1000000$lAnnDHrfnb8r8Pd8P9r3MI$LYoBUT6xkGeRo/TpQj8/LLTmYUr9uCJgLf+TPlMG0Rs=",
    "last_login": "2026-03-25T07:29:49.200Z",
    "is_superuser": false,
    "username": "user",
    "first_name": "",
    "last_name": "",
    "email": "user@example.com",
    "is_staff": true,
    "is_active": true,
    "date_joined": "2026-02-27T07:29:58.888Z",
    "groups": [],
    "user_permissions": []
  }
},
{
  "model": "auth.user",
  "fields": {
    "password": "pbkdf2_sha256$1000000$qjfCLYJjQo8oRcEnnZD09s$2/wxCsehjzspQu58kpaDDnhTEqt3QuQY+g7RqKNOQf4=",
    "last_login": "2026-02-27T10:32:37.762Z",
    "is_superuser": false,
    "username": "louisrocket",
    "first_name": "",
    "last_name": "",
    "email": "bed_boy_230@inbox.ru",
    "is_staff": false,
    "is_active": true,
    "date_joined": "2026-02-27T10:26:39.479Z",
    "groups": [],
    "user_permissions": []
  }
},
{
  "model": "auth.user",
  "fields": {
    "password": "pbkdf2_sha256$1000000$QTQfNRpHynU4mUS8hRsLW3$JmL7D/A9OWCWOYD5ZBXanZry5lfOKTD+b2dY5JZ8C9Y=",
    "last_login": null,
    "is_superuser": false,
    "username": "test",
    "first_name": "",
    "last_name": "",
    "email": "",
    "is_staff": false,
    "is_active": true,
    "date_joined": "2026-02-27T13:35:05.483Z",
    "groups": [],
    "user_permissions": []
  }
},
{
  "model": "auth.user",
  "fields": {
    "password": "pbkdf2_sha256$1000000$KVRoFv8VrMQzs6r0SsNhcB$5+0d9KezYLXZvUCd/sHM4jGmRfmX2ghDu09WE+wpQ/8=",
    "last_login": "2026-02-27T15:57:19.095Z",
    "is_superuser": false,
    "username": "uhgfdj",
    "first_name": "",
    "last_name": "",
    "email": "admin@nk-online.uz",
    "is_staff": false,
    "is_active": true,
    "date_joined": "2026-02-27T15:46:15.574Z",
    "groups": [],
    "user_permissions": []
  }
},
{
  "model": "auth.user",
  "fields": {
    "password": "pbkdf2_sha256$1000000$4CvrgDTjfaY7wZB8bEMYRt$jlEyxvhzXYbjvKtMTcLrA5Cefd8j3BC+Bho1LEP05i4=",
    "last_login": null,
    "is_superuser": false,
    "username": "в•ЁРӨв•Ёв–‘в•Ёв•ңв•ӨРҹ",
    "first_name": "",
    "last_name": "",
    "email": "hristoforov.danil2002@gmail.com",
    "is_staff": false,
    "is_active": true,
    "date_joined": "2026-03-16T05:50:27.850Z",
    "groups": [],
    "user_permissions": []
  }
},
{
  "model": "auth.user",
  "fields": {
    "password": "pbkdf2_sha256$1000000$iayLjUMHYDr7BOdtqIEu5U$6YIchmQlFWG7kfIGqm9rZ1zQJzYsobXsNHBBWefdizc=",
    "last_login": null,
    "is_superuser": false,
    "username": "billymiliganisom@gmail.com",
    "first_name": "",
    "last_name": "",
    "email": "billymiliganisom@gmail.com",
    "is_staff": false,
    "is_active": true,
    "date_joined": "2026-03-24T13:18:19.888Z",
    "groups": [],
    "user_permissions": []
  }
},
{
  "model": "auth.user",
  "fields": {
    "password": "pbkdf2_sha256$1000000$UfLWI7dyOpPyESHNkXsOnO$uGAqF4Hzt6paSVwRDVBQBcCtog+BXzjO9AfXpuzY3Ek=",
    "last_login": null,
    "is_superuser": false,
    "username": "gdsk@mail.ru",
    "first_name": "",
    "last_name": "",
    "email": "gdsk@mail.ru",
    "is_staff": false,
    "is_active": true,
    "date_joined": "2026-03-24T13:26:11.892Z",
    "groups": [],
    "user_permissions": []
  }
},
{
  "model": "sites.site",
  "fields": {
    "domain": "127.0.0.1:8000",
    "name": "BAZAR"
  }
},
{
  "model": "axes.accesslog",
  "pk": 1,
  "fields": {
    "user_agent": "Mozilla/5.0 (Windows NT 10.0; Win64; x64) AppleWebKit/537.36 (KHTML, like Gecko) Cursor/2.5.26 Chrome/142.0.7444.265 Electron/39.4.0 Safari/537.36",
    "ip_address": "127.0.0.1",
    "username": "Louis",
    "http_accept": "text/html,application/xhtml+xml,application/xml;q=0.9,image/avif,image/webp,image/apng,*/*;q=0.8,application/signed-exchange;v=b3;q=0.7",
    "path_info": "/accounts/login/",
    "attempt_time": "2026-03-02T06:06:05.696Z",
    "logout_time": null,
    "session_hash": "717e29ec6aa692d36a25448ad78b86ddc24c7ae910f9b762f170535007f7c4a5"
  }
},
{
  "model": "axes.accesslog",
  "pk": 2,
  "fields": {
    "user_agent": "Mozilla/5.0 (Windows NT 10.0; Win64; x64) AppleWebKit/537.36 (KHTML, like Gecko) Chrome/145.0.0.0 Safari/537.36",
    "ip_address": "127.0.0.1",
    "username": "user",
    "http_accept": "text/html,application/xhtml+xml,application/xml;q=0.9,image/avif,image/webp,image/apng,*/*;q=0.8,application/signed-exchange;v=b3;q=0.7",
    "path_info": "/accounts/login/",
    "attempt_time": "2026-03-02T06:32:58.119Z",
    "logout_time": "2026-03-02T13:15:43.391Z",
    "session_hash": "bd7e0053897c4f7e333b1a81c6daa27a41f62ffe99b6831970ff2fdd8d0e4355"
  }
},
{
  "model": "axes.accesslog",
  "pk": 3,
  "fields": {
    "user_agent": "Mozilla/5.0 (Windows NT 10.0; Win64; x64) AppleWebKit/537.36 (KHTML, like Gecko) Chrome/145.0.0.0 Safari/537.36",
    "ip_address": "127.0.0.1",
    "username": "user",
    "http_accept": "text/html,application/xhtml+xml,application/xml;q=0.9,image/avif,image/webp,image/apng,*/*;q=0.8,application/signed-exchange;v=b3;q=0.7",
    "path_info": "/accounts/login/",
    "attempt_time": "2026-03-02T13:16:40.761Z",
    "logout_time": "2026-03-03T07:10:02.281Z",
    "session_hash": "c754ccb6e2484f67823736b30c7aec9612c076cf246c72f37642edfcec1b369e"
  }
},
{
  "model": "axes.accesslog",
  "pk": 4,
  "fields": {
    "user_agent": "Mozilla/5.0 (Windows NT 10.0; Win64; x64) AppleWebKit/537.36 (KHTML, like Gecko) Cursor/2.5.26 Chrome/142.0.7444.265 Electron/39.4.0 Safari/537.36",
    "ip_address": "127.0.0.1",
    "username": "Louis",
    "http_accept": "text/html,application/xhtml+xml,application/xml;q=0.9,image/avif,image/webp,image/apng,*/*;q=0.8,application/signed-exchange;v=b3;q=0.7",
    "path_info": "/admin/login/",
    "attempt_time": "2026-03-03T05:34:04.677Z",
    "logout_time": "2026-03-03T08:34:17.795Z",
    "session_hash": "5811be228546935897f76fc371ba6d299607efb2976d264ce7a53c351e8122b1"
  }
},
{
  "model": "axes.accesslog",
  "pk": 5,
  "fields": {
    "user_agent": "Mozilla/5.0 (Windows NT 10.0; Win64; x64) AppleWebKit/537.36 (KHTML, like Gecko) Chrome/145.0.0.0 Safari/537.36",
    "ip_address": "127.0.0.1",
    "username": "user",
    "http_accept": "text/html,application/xhtml+xml,application/xml;q=0.9,image/avif,image/webp,image/apng,*/*;q=0.8,application/signed-exchange;v=b3;q=0.7",
    "path_info": "/accounts/login/",
    "attempt_time": "2026-03-03T07:21:45.041Z",
    "logout_time": "2026-03-03T07:22:07.345Z",
    "session_hash": "672370b8fdf20449637f223caa56512bb7184a76f21e7faabca262e7cea6b3d6"
  }
},
{
  "model": "account.emailaddress",
  "pk": 1,
  "fields": {
    "user": [
      "Louis"
    ],
    "email": "justboy96@inbox.ru",
    "verified": true,
    "primary": true
  }
},
{
  "model": "account.emailaddress",
  "pk": 2,
  "fields": {
    "user": [
      "louisrocket"
    ],
    "email": "bed_boy_230@inbox.ru",
    "verified": false,
    "primary": true
  }
},
{
  "model": "account.emailaddress",
  "pk": 3,
  "fields": {
    "user": [
      "uhgfdj"
    ],
    "email": "admin@nk-online.uz",
    "verified": false,
    "primary": true
  }
},
{
  "model": "account.emailaddress",
  "pk": 4,
  "fields": {
    "user": [
      "user"
    ],
    "email": "user@example.com",
    "verified": true,
    "primary": true
  }
},
{
  "model": "account.emailaddress",
  "pk": 5,
  "fields": {
    "user": [
      "в•ЁРӨв•Ёв–‘в•Ёв•ңв•ӨРҹ"
    ],
    "email": "hristoforov.danil2002@gmail.com",
    "verified": false,
    "primary": true
  }
},
{
  "model": "account.emailaddress",
  "pk": 6,
  "fields": {
    "user": [
      "billymiliganisom@gmail.com"
    ],
    "email": "billymiliganisom@gmail.com",
    "verified": true,
    "primary": true
  }
},
{
  "model": "account.emailaddress",
  "pk": 7,
  "fields": {
    "user": [
      "gdsk@mail.ru"
    ],
    "email": "gdsk@mail.ru",
    "verified": false,
    "primary": true
  }
},
{
  "model": "market.supportrequest",
  "pk": 1,
  "fields": {
    "created_at": "2026-03-13T09:41:10.910Z",
    "author": [
      "user"
    ],
    "contact": "в•ӨР‘в•ӨР‘в•ӨРӣв•Ёв•—в•Ёв•‘в•Ёв–‘ в•Ёв•ңв•Ёв–‘ в•ӨР’в•Ёв•Ўв•Ёв•—в•Ёв•Ўв•Ёв”Ӯв•ӨР“",
    "request_type": "other",
    "subject": "в•Ёв•ңв•Ёв–‘в•ӨР‘в•ӨР’в•ӨРҗв•Ёв•ӣв•Ёв•Јв•Ёв•‘в•Ёв–‘ в•Ёв•ӣв•ӨР’в•Ёв•ӣв•Ёв–’в•ӨРҗв•Ёв–‘в•Ёв•ўв•Ёв•Ўв•Ёв•ңв•Ёв••в•ӨРҹ в•ӨР•в•Ёв•ӣв•ӨР‘в•ӨР’в•Ёв••в•Ёв•ңв•Ёв”Ӯв•Ёв–‘ в•Ёв••в•Ёв•–в•Ёв•ӣв•Ёв–’в•ӨРҗв•Ёв–‘в•Ёв•ўв•Ёв•Ўв•Ёв•ңв•Ёв••в•Ёв•Ј в•Ёв•‘в•Ёв•ӣв•Ёв•—в•Ёв••в•Ёв–’в•ӨРҗв•Ёв••",
    "message": "в•ӨР•в•ӨР“в•Ёв•Ј в•Ёв•–в•Ёв•ңв•Ёв–‘в•Ёв•Ўв•ӨР’ в•ӨРҹ в•ӨР•в•Ёв•ӣв•ӨР—в•ӨР“ в•Ёв”җв•ӨРҗв•Ёв•ӣв•Ёв–“в•Ёв•Ўв•ӨРҗв•Ёв••в•ӨР’в•ӨРң",
    "is_resolved": true,
    "admin_reply": "в•Ёв•ӣв•Ёв•‘",
    "admin_replied_at": "2026-03-13T09:50:57.470Z",
    "admin_replied_by": [
      "Louis"
    ],
    "resolved_at": null,
    "resolved_by": null,
    "related_conversation": null,
    "related_listing": null,
    "related_purchase_request": null,
    "against_user": null,
    "dispute_kind": "",
    "dispute_details": ""
  }
},
{
  "model": "market.supportrequest",
  "pk": 2,
  "fields": {
    "created_at": "2026-03-13T09:42:10.447Z",
    "author": [
      "user"
    ],
    "contact": "в•ӨР–в•ӨР“в•Ёв•‘в•ӨР–в•ӨР“в•Ёв•‘",
    "request_type": "idea",
    "subject": "в•ӨР–в•ӨР“в•Ёв•‘в•Ёв•Ўв•ӨР“в•Ёв•‘",
    "message": "в•ӨР“в•Ёв•Ўв•ӨР–в•ӨР“в•Ёв•‘в•Ёв•Ў",
    "is_resolved": true,
    "admin_reply": "в•ЁРұв•Ёв”җв•Ёв–‘в•ӨР‘в•Ёв••в•Ёв–’в•Ёв•ӣ в•Ёв•–в•Ёв–‘ в•Ёв•ӣв•Ёв–’в•ӨРҗв•Ёв–‘в•ӨРҷв•Ёв•Ўв•Ёв•ңв•Ёв••в•Ёв•Ў в•Ёв•қв•ӨРӣ в•Ёв”җв•ӨРҗв•Ёв•ӣв•ӨР‘в•Ёв•қв•Ёв•ӣв•ӨР’в•ӨРҗв•Ёв••в•Ёв•қ в•ӨР—в•ӨР’в•Ёв•ӣ в•Ёв”җв•Ёв•ӣв•Ёв•—в•ӨР“в•ӨР—в•Ёв••в•Ёв•—в•Ёв•ӣв•ӨР‘в•ӨРң",
    "admin_replied_at": "2026-03-13T09:44:38.664Z",
    "admin_replied_by": [
      "Louis"
    ],
    "resolved_at": null,
    "resolved_by": null,
    "related_conversation": null,
    "related_listing": null,
    "related_purchase_request": null,
    "against_user": null,
    "dispute_kind": "",
    "dispute_details": ""
  }
},
{
  "model": "market.supportrequest",
  "pk": 3,
  "fields": {
    "created_at": "2026-03-13T10:30:33.884Z",
    "author": [
      "user"
    ],
    "contact": "",
    "request_type": "premium",
    "subject": "в•ЁРҜв•ӨРҗв•Ёв•Ўв•Ёв•қв•Ёв••в•ӨР“в•Ёв•қ в•Ёв•ңв•Ёв–‘ 3 в•Ёв•қв•Ёв•Ўв•ӨР‘в•ӨРҹв•ӨР–в•Ёв–‘",
    "message": "в•ЁРҜв•Ёв•ӣв•Ёв•—в•ӨРңв•Ёв•–в•Ёв•ӣв•Ёв–“в•Ёв–‘в•ӨР’в•Ёв•Ўв•Ёв•—в•ӨРң в•Ёв”җв•ӨРҗв•Ёв•ӣв•ӨР‘в•Ёв••в•ӨР’ в•Ёв–“в•ӨРӣв•Ёв”Өв•Ёв–‘в•ӨР’в•ӨРң в•Ёв”җв•Ёв–‘в•Ёв•‘в•Ёв•Ўв•ӨР’: в•ЁРҜв•ӨРҗв•Ёв•Ўв•Ёв•қв•Ёв••в•ӨР“в•Ёв•қ в•Ёв•ңв•Ёв–‘ 3 в•Ёв•қв•Ёв•Ўв•ӨР‘в•ӨРҹв•ӨР–в•Ёв–‘.\r\n\r\nв•ЁРҪв•ӨР’в•Ёв•ӣ в•Ёв”Өв•Ёв•ӣв•Ёв–’в•ӨРҗв•Ёв•ӣв•Ёв–“в•Ёв•ӣв•Ёв•—в•ӨРңв•Ёв•ңв•Ёв•ӣв•Ёв•Ў в•Ёв”җв•Ёв•ӣв•Ёв•ўв•Ёв•Ўв•ӨРҗв•ӨР’в•Ёв–“в•Ёв•ӣв•Ёв–“в•Ёв–‘в•Ёв•ңв•Ёв••в•Ёв•Ў, в•Ёв•ңв•Ёв•Ў в•Ёв”Өв•Ёв–‘в•ӨРһв•ӨРҷв•Ёв•Ўв•Ёв•Ў в•ӨР”в•Ёв••в•Ёв•ңв•Ёв–‘в•Ёв•ңв•ӨР‘в•Ёв•ӣв•Ёв–“в•ӨРӣв•ӨР• в•Ёв”Ӯв•Ёв–‘в•ӨРҗв•Ёв–‘в•Ёв•ңв•ӨР’в•Ёв••в•Ёв•Ј. в•ЁРҜв•Ёв•ӣв•ӨР‘в•Ёв•—в•Ёв•Ў в•Ёв”җв•Ёв•ӣв•Ёв•—в•ӨР“в•ӨР—в•Ёв•Ўв•Ёв•ңв•Ёв••в•ӨРҹ в•Ёв•ӣв•Ёв”җв•Ёв•—в•Ёв–‘в•ӨР’в•ӨРӣ в•Ёв–‘в•Ёв”Өв•Ёв•қв•Ёв••в•Ёв•ңв•Ёв••в•ӨР‘в•ӨР’в•ӨРҗв•Ёв–‘в•ӨР’в•Ёв•ӣв•ӨРҗ в•Ёв–“в•ӨРҗв•ӨР“в•ӨР—в•Ёв•ңв•ӨР“в•ӨРһ в•Ёв–‘в•Ёв•‘в•ӨР’в•Ёв••в•Ёв–“в•Ёв••в•ӨРҗв•ӨР“в•Ёв•Ўв•ӨР’ в•Ёв”җв•ӨРҗв•Ёв•Ўв•Ёв•қв•Ёв••в•ӨР“в•Ёв•қСӮРҗРЎв•ӨР‘в•ӨР’в•Ёв–‘в•ӨР’в•ӨР“в•ӨР‘.",
    "is_resolved": true,
    "admin_reply": "в•Ёв–“в•ӨРӣ в•Ёв•қв•Ёв•ӣв•Ёв•ўв•Ёв•Ўв•ӨР’в•Ёв•Ў в•Ёв•ӣв•ӨР’в•Ёв”җв•ӨРҗв•Ёв–‘в•Ёв–“в•Ёв••в•ӨР’в•ӨРң в•ӨР‘в•ӨРҗв•Ёв•Ўв•Ёв”Өв•ӨР‘в•ӨР’в•Ёв–“в•Ёв–‘ в•Ёв•ңв•Ёв–‘ в•ӨРқв•ӨР’в•Ёв•ӣв•ӨР’ в•Ёв•‘в•Ёв•ӣв•ӨРҳв•Ёв•Ўв•Ёв•—в•Ёв•Ўв•Ёв•‘ в•Ёв••в•Ёв•—в•Ёв•• в•Ёв•ңв•Ёв–‘ в•ӨР‘в•Ёв–‘в•Ёв•Јв•ӨР’ в•Ёв”Өв•Ёв•ӣв•Ёв•ңв•Ёв•Ўв•Ёв•Јв•ӨРҳв•Ёв•Ўв•Ёв•ң в•Ёв–‘в•Ёв•—в•Ёв•Ўв•ӨРҗв•ӨР’в•ӨР‘",
    "admin_replied_at": "2026-03-13T10:32:20.365Z",
    "admin_replied_by": [
      "Louis"
    ],
    "resolved_at": null,
    "resolved_by": null,
    "related_conversation": null,
    "related_listing": null,
    "related_purchase_request": null,
    "against_user": null,
    "dispute_kind": "",
    "dispute_details": ""
  }
},
{
  "model": "market.supportrequest",
  "pk": 4,
  "fields": {
    "created_at": "2026-03-13T11:29:23.299Z",
    "author": [
      "user"
    ],
    "contact": "в•ӨР‘в•ӨР‘в•ӨРӣв•Ёв•—в•Ёв•‘в•Ёв–‘ в•Ёв•ңв•Ёв–‘ в•ӨР’в•Ёв•Ўв•Ёв•—в•Ёв•Ўв•Ёв”Ӯв•ӨР“",
    "request_type": "other",
    "subject": "в•Ёв”җв•ӨРҗв•Ёв••в•Ёв–’в•Ёв–‘в•Ёв–“в•Ёв••в•ӨР’в•ӨРң в•Ёв•қв•Ёв•ңв•Ёв•Ў в•Ёв”җв•Ёв•ӣв•Ёв”Өв•Ёв•ңв•ӨРҹв•ӨР’в•Ёв••в•ӨРҹ",
    "message": "в•ӨР•в•Ёв•ӣв•ӨР—в•ӨР“ в•ӨРЎв•Ёв”җв•ӨР’в•Ёв–‘",
    "is_resolved": true,
    "admin_reply": "в•ӨР•в•Ёв•ӣв•ӨРҗв•Ёв•ӣв•ӨРҳв•Ёв•ӣ",
    "admin_replied_at": "2026-03-13T11:35:28.387Z",
    "admin_replied_by": [
      "Louis"
    ],
    "resolved_at": null,
    "resolved_by": null,
    "related_conversation": null,
    "related_listing": null,
    "related_purchase_request": null,
    "against_user": null,
    "dispute_kind": "",
    "dispute_details": ""
  }
},
{
  "model": "market.supportrequest",
  "pk": 5,
  "fields": {
    "created_at": "2026-03-13T12:08:40.790Z",
    "author": [
      "user"
    ],
    "contact": "",
    "request_type": "premium",
    "subject": "в•ЁРҜв•ӨРҗв•Ёв•Ўв•Ёв•қв•Ёв••в•ӨР“в•Ёв•қ в•Ёв•ңв•Ёв–‘ 1 в•Ёв•қв•Ёв•Ўв•ӨР‘в•ӨРҹв•ӨР–",
    "message": "в•ЁРҜв•Ёв•ӣв•Ёв•—в•ӨРңв•Ёв•–в•Ёв•ӣв•Ёв–“в•Ёв–‘в•ӨР’в•Ёв•Ўв•Ёв•—в•ӨРң в•Ёв”җв•ӨРҗв•Ёв•ӣв•ӨР‘в•Ёв••в•ӨР’ в•Ёв–“в•ӨРӣв•Ёв”Өв•Ёв–‘в•ӨР’в•ӨРң в•Ёв”җв•Ёв–‘в•Ёв•‘в•Ёв•Ўв•ӨР’: в•ЁРҜв•ӨРҗв•Ёв•Ўв•Ёв•қв•Ёв••в•ӨР“в•Ёв•қ в•Ёв•ңв•Ёв–‘ 1 в•Ёв•қв•Ёв•Ўв•ӨР‘в•ӨРҹв•ӨР–.\r\n\r\nв•ЁРў в•Ёв”җв•Ёв–‘в•Ёв•‘в•Ёв•Ўв•ӨР’ в•Ёв–“в•ӨР•в•Ёв•ӣв•Ёв”Өв•Ёв••в•ӨР’ в•Ёв•—в•Ёв••в•Ёв•қв•Ёв••в•ӨР’ в•Ёв•ңв•Ёв–‘ 5 в•Ёв”җв•Ёв•ӣв•Ёв”Өв•Ёв•ңв•ӨРҹв•ӨР’в•Ёв••в•Ёв•Ј в•Ёв•ӣв•Ёв–’в•ӨРҡв•ӨРҹв•Ёв–“в•Ёв•—в•Ёв•Ўв•Ёв•ңв•Ёв••в•ӨРҹ(в•Ёв••в•Ёв•Ј) в•Ёв–“ в•ӨР’в•Ёв•ӣв•Ёв”җ в•Ёв–“ в•ӨР’в•Ёв•Ўв•ӨР—в•Ёв•Ўв•Ёв•ңв•Ёв••в•Ёв•Ў в•ӨР‘в•ӨРҗв•Ёв•ӣв•Ёв•‘в•Ёв–‘ в•Ёв”Өв•Ёв•Ўв•Ёв•Јв•ӨР‘в•ӨР’в•Ёв–“в•Ёв••в•ӨРҹ в•Ёв”җв•ӨРҗв•Ёв•Ўв•Ёв•қв•Ёв••в•ӨР“в•Ёв•қв•Ёв–‘.\r\n\r\nв•ЁРҪв•ӨР’в•Ёв•ӣ в•Ёв”Өв•Ёв•ӣв•Ёв–’в•ӨРҗв•Ёв•ӣв•Ёв–“в•Ёв•ӣв•Ёв•—в•ӨРңв•Ёв•ңв•Ёв•ӣв•Ёв•Ў в•Ёв”җв•Ёв•ӣв•Ёв•ўв•Ёв•Ўв•ӨРҗв•ӨР’в•Ёв–“в•Ёв•ӣв•Ёв–“в•Ёв–‘в•Ёв•ңв•Ёв••в•Ёв•Ў, в•Ёв•ңв•Ёв•Ў в•Ёв”Өв•Ёв–‘в•ӨРһв•ӨРҷв•Ёв•Ўв•Ёв•Ў в•ӨР”в•Ёв••в•Ёв•ңв•Ёв–‘в•Ёв•ңв•ӨР‘в•Ёв•ӣв•Ёв–“в•ӨРӣв•ӨР• в•Ёв”Ӯв•Ёв–‘в•ӨРҗв•Ёв–‘в•Ёв•ңв•ӨР’в•Ёв••в•Ёв•Ј. в•ЁРҜв•Ёв•ӣв•ӨР‘в•Ёв•—в•Ёв•Ў в•Ёв”җв•Ёв•ӣв•Ёв•—в•ӨР“в•ӨР—в•Ёв•Ўв•Ёв•ңв•Ёв••в•ӨРҹ в•Ёв•ӣв•Ёв”җв•Ёв•—в•Ёв–‘в•ӨР’в•ӨРӣ в•Ёв–‘в•Ёв”Өв•Ёв•қв•Ёв••в•Ёв•ңв•Ёв••в•ӨР‘в•ӨР’в•ӨРҗв•Ёв–‘в•ӨР’в•Ёв•ӣв•ӨРҗ в•Ёв–“в•ӨРҗв•ӨР“в•ӨР—в•Ёв•ңв•ӨР“в•ӨРһ в•Ёв–‘в•Ёв•‘в•ӨР’в•Ёв••в•Ёв–“в•Ёв••в•ӨРҗв•ӨР“в•Ёв•Ўв•ӨР’ в•Ёв”җв•ӨРҗв•Ёв•Ўв•Ёв•қв•Ёв••в•ӨР“в•Ёв•қСӮРҗРЎв•ӨР‘в•ӨР’в•Ёв–‘в•ӨР’в•ӨР“в•ӨР‘ в•Ёв•• в•Ёв•ңв•Ёв–‘в•ӨР—в•Ёв••в•ӨР‘в•Ёв•—в•Ёв••в•ӨР’ в•ӨР‘в•Ёв•ӣв•Ёв•ӣв•ӨР’в•Ёв–“в•Ёв•Ўв•ӨР’в•ӨР‘в•ӨР’в•Ёв–“в•ӨР“в•ӨРһв•ӨРҷв•Ёв•Ўв•Ёв•Ў в•Ёв•‘в•Ёв•ӣв•Ёв•—в•Ёв••в•ӨР—в•Ёв•Ўв•ӨР‘в•ӨР’в•Ёв–“в•Ёв•ӣ в•Ёв•ӣв•ӨР—в•Ёв•‘в•Ёв•ӣв•Ёв–“ в•Ёв”җв•Ёв•ӣв•Ёв”Өв•Ёв•ңв•ӨРҹв•ӨР’в•Ёв••в•ӨРҹ.",
    "is_resolved": true,
    "admin_reply": "",
    "admin_replied_at": null,
    "admin_replied_by": null,
    "resolved_at": null,
    "resolved_by": null,
    "related_conversation": null,
    "related_listing": null,
    "related_purchase_request": null,
    "against_user": null,
    "dispute_kind": "",
    "dispute_details": ""
  }
},
{
  "model": "market.supportrequest",
  "pk": 6,
  "fields": {
    "created_at": "2026-03-13T13:29:33.391Z",
    "author": [
      "Louis"
    ],
    "contact": "в•ӨРӣв•Ёв–“в•Ёв–‘в•ӨРӣв•Ёв–“в•Ёв–‘",
    "request_type": "bug",
    "subject": "в•ӨРӣв•Ёв–“в•Ёв–‘",
    "message": "в•ӨРӣв•Ёв–“в•Ёв–‘в•Ёв–‘в•ӨРӣв•Ёв–“",
    "is_resolved": true,
    "admin_reply": "",
    "admin_replied_at": null,
    "admin_replied_by": null,
    "resolved_at": null,
    "resolved_by": null,
    "related_conversation": null,
    "related_listing": null,
    "related_purchase_request": null,
    "against_user": null,
    "dispute_kind": "",
    "dispute_details": ""
  }
},
{
  "model": "market.supportrequest",
  "pk": 7,
  "fields": {
    "created_at": "2026-03-13T14:55:25.476Z",
    "author": [
      "user"
    ],
    "contact": "в•Ёв–“в•Ёв–‘в•Ёв”җв•Ёв–“в•Ёв–‘",
    "request_type": "seller",
    "subject": "в•ЁРўв•Ёв•ӣв•Ёв”җв•ӨРҗв•Ёв•ӣв•ӨР‘ в•Ёв”җв•Ёв•ӣ в•Ёв”җв•ӨРҗв•Ёв•ӣв•Ёв”Өв•Ёв–‘в•Ёв–“в•ӨР–в•ӨР“ Louis",
    "message": "в•Ёв–“в•Ёв–‘в•Ёв”җв•Ёв–“в•Ёв–‘в•Ёв”җ",
    "is_resolved": true,
    "admin_reply": "",
    "admin_replied_at": null,
    "admin_replied_by": null,
    "resolved_at": null,
    "resolved_by": null,
    "related_conversation": null,
    "related_listing": null,
    "related_purchase_request": null,
    "against_user": null,
    "dispute_kind": "",
    "dispute_details": ""
  }
},
{
  "model": "market.supportrequest",
  "pk": 8,
  "fields": {
    "created_at": "2026-03-16T07:29:32.260Z",
    "author": [
      "Louis"
    ],
    "contact": "",
    "request_type": "premium",
    "subject": "в•ЁРҜв•ӨРҗв•Ёв•Ўв•Ёв•қв•Ёв••в•ӨР“в•Ёв•қ в•Ёв•ңв•Ёв–‘ 3 в•Ёв•қв•Ёв•Ўв•ӨР‘в•ӨРҹв•ӨР–в•Ёв–‘",
    "message": "в•ЁРҜв•Ёв•ӣв•Ёв•—в•ӨРңв•Ёв•–в•Ёв•ӣв•Ёв–“в•Ёв–‘в•ӨР’в•Ёв•Ўв•Ёв•—в•ӨРң в•Ёв”җв•ӨРҗв•Ёв•ӣв•ӨР‘в•Ёв••в•ӨР’ в•Ёв–“в•ӨРӣв•Ёв”Өв•Ёв–‘в•ӨР’в•ӨРң в•Ёв”җв•Ёв–‘в•Ёв•‘в•Ёв•Ўв•ӨР’: в•ЁРҜв•ӨРҗв•Ёв•Ўв•Ёв•қв•Ёв••в•ӨР“в•Ёв•қ в•Ёв•ңв•Ёв–‘ 3 в•Ёв•қв•Ёв•Ўв•ӨР‘в•ӨРҹв•ӨР–в•Ёв–‘.\r\n\r\nв•ЁРў в•Ёв”җв•Ёв–‘в•Ёв•‘в•Ёв•Ўв•ӨР’ в•Ёв–“в•ӨР•в•Ёв•ӣв•Ёв”Өв•Ёв••в•ӨР’ в•Ёв•—в•Ёв••в•Ёв•қв•Ёв••в•ӨР’ в•Ёв•ңв•Ёв–‘ 20 в•Ёв”җв•Ёв•ӣв•Ёв”Өв•Ёв•ңв•ӨРҹв•ӨР’в•Ёв••в•Ёв•Ј в•Ёв•ӣв•Ёв–’в•ӨРҡв•ӨРҹв•Ёв–“в•Ёв•—в•Ёв•Ўв•Ёв•ңв•Ёв••в•ӨРҹ(в•Ёв••в•Ёв•Ј) в•Ёв–“ в•ӨР’в•Ёв•ӣв•Ёв”җ в•Ёв–“ в•ӨР’в•Ёв•Ўв•ӨР—в•Ёв•Ўв•Ёв•ңв•Ёв••в•Ёв•Ў в•ӨР‘в•ӨРҗв•Ёв•ӣв•Ёв•‘в•Ёв–‘ в•Ёв”Өв•Ёв•Ўв•Ёв•Јв•ӨР‘в•ӨР’в•Ёв–“в•Ёв••в•ӨРҹ в•Ёв”җв•ӨРҗв•Ёв•Ўв•Ёв•қв•Ёв••в•ӨР“в•Ёв•қв•Ёв–‘.\r\n\r\nв•ЁРҪв•ӨР’в•Ёв•ӣ в•Ёв”Өв•Ёв•ӣв•Ёв–’в•ӨРҗв•Ёв•ӣв•Ёв–“в•Ёв•ӣв•Ёв•—в•ӨРңв•Ёв•ңв•Ёв•ӣв•Ёв•Ў в•Ёв”җв•Ёв•ӣв•Ёв•ўв•Ёв•Ўв•ӨРҗв•ӨР’в•Ёв–“в•Ёв•ӣв•Ёв–“в•Ёв–‘в•Ёв•ңв•Ёв••в•Ёв•Ў, в•Ёв•ңв•Ёв•Ў в•Ёв”Өв•Ёв–‘в•ӨРһв•ӨРҷв•Ёв•Ўв•Ёв•Ў в•ӨР”в•Ёв••в•Ёв•ңв•Ёв–‘в•Ёв•ңв•ӨР‘в•Ёв•ӣв•Ёв–“в•ӨРӣв•ӨР• в•Ёв”Ӯв•Ёв–‘в•ӨРҗв•Ёв–‘в•Ёв•ңв•ӨР’в•Ёв••в•Ёв•Ј. в•ЁРҜв•Ёв•ӣв•ӨР‘в•Ёв•—в•Ёв•Ў в•Ёв”җв•Ёв•ӣв•Ёв•—в•ӨР“в•ӨР—в•Ёв•Ўв•Ёв•ңв•Ёв••в•ӨРҹ в•Ёв•ӣв•Ёв”җв•Ёв•—в•Ёв–‘в•ӨР’в•ӨРӣ в•Ёв–‘в•Ёв”Өв•Ёв•қв•Ёв••в•Ёв•ңв•Ёв••в•ӨР‘в•ӨР’в•ӨРҗв•Ёв–‘в•ӨР’в•Ёв•ӣв•ӨРҗ в•Ёв–“в•ӨРҗв•ӨР“в•ӨР—в•Ёв•ңв•ӨР“в•ӨРһ в•Ёв–‘в•Ёв•‘в•ӨР’в•Ёв••в•Ёв–“в•Ёв••в•ӨРҗв•ӨР“в•Ёв•Ўв•ӨР’ в•Ёв”җв•ӨРҗв•Ёв•Ўв•Ёв•қв•Ёв••в•ӨР“в•Ёв•қСӮРҗРЎв•ӨР‘в•ӨР’в•Ёв–‘в•ӨР’в•ӨР“в•ӨР‘ в•Ёв•• в•Ёв•ңв•Ёв–‘в•ӨР—в•Ёв••в•ӨР‘в•Ёв•—в•Ёв••в•ӨР’ в•ӨР‘в•Ёв•ӣв•Ёв•ӣв•ӨР’в•Ёв–“в•Ёв•Ўв•ӨР’в•ӨР‘в•ӨР’в•Ёв–“в•ӨР“в•ӨРһв•ӨРҷв•Ёв•Ўв•Ёв•Ў в•Ёв•‘в•Ёв•ӣв•Ёв•—в•Ёв••в•ӨР—в•Ёв•Ўв•ӨР‘в•ӨР’в•Ёв–“в•Ёв•ӣ в•Ёв•ӣв•ӨР—в•Ёв•‘в•Ёв•ӣв•Ёв–“ в•Ёв”җв•Ёв•ӣв•Ёв”Өв•Ёв•ңв•ӨРҹв•ӨР’в•Ёв••в•ӨРҹ.",
    "is_resolved": true,
    "admin_reply": "",
    "admin_replied_at": null,
    "admin_replied_by": null,
    "resolved_at": null,
    "resolved_by": null,
    "related_conversation": null,
    "related_listing": null,
    "related_purchase_request": null,
    "against_user": null,
    "dispute_kind": "",
    "dispute_details": ""
  }
},
{
  "model": "market.supportrequest",
  "pk": 9,
  "fields": {
    "created_at": "2026-03-25T08:03:17.419Z",
    "author": [
      "Louis"
    ],
    "contact": "в•ӨРӣв•Ёв–“в•Ёв–‘в•ӨРӣв•Ёв–“в•Ёв–‘в•ӨРӣ",
    "request_type": "bug",
    "subject": "в•ӨРӣв•Ёв–“в•Ёв–‘в•Ёв–“в•ӨРӣв•Ёв–‘в•ӨРӣ",
    "message": "в•ӨРӣв•Ёв–“в•Ёв–‘в•ӨРӣв•Ёв–“в•Ёв–‘",
    "is_resolved": true,
    "admin_reply": "в•Ёв•—в•Ёв•ӣв•Ёв–“в•ӨРӣв•ӨРҗв•Ёв–‘в•Ёв”җв•ӨРӣв•Ёв–“в•ӨРҗв•Ёв–‘",
    "admin_replied_at": "2026-03-25T08:35:49.756Z",
    "admin_replied_by": [
      "user"
    ],
    "resolved_at": null,
    "resolved_by": null,
    "related_conversation": null,
    "related_listing": null,
    "related_purchase_request": null,
    "against_user": null,
    "dispute_kind": "",
    "dispute_details": ""
  }
},
{
  "model": "market.supportrequest",
  "pk": 10,
  "fields": {
    "created_at": "2026-03-25T08:53:05.793Z",
    "author": [
      "Louis"
    ],
    "contact": "в•ӨР”в•ӨРӣв•Ёв–“в•ӨР”в•ӨРӣв•Ёв–“в•ӨР”в•ӨРӣв•Ёв–“",
    "request_type": "seller",
    "subject": "в•ӨР”в•ӨРӣв•Ёв–“в•ӨРӣв•ӨР”в•Ёв–“",
    "message": "в•ӨР”в•ӨРӣв•Ёв–“в•ӨР”в•ӨРӣв•Ёв–“",
    "is_resolved": true,
    "admin_reply": "в•ӨР—в•ӨР‘в•Ёв•қв•ӨР‘в•ӨР—в•Ёв•қ",
    "admin_replied_at": "2026-03-25T09:22:42.825Z",
    "admin_replied_by": [
      "Louis"
    ],
    "resolved_at": "2026-03-25T09:22:42.828Z",
    "resolved_by": [
      "Louis"
    ],
    "related_conversation": null,
    "related_listing": null,
    "related_purchase_request": null,
    "against_user": null,
    "dispute_kind": "",
    "dispute_details": ""
  }
},
{
  "model": "market.supportrequest",
  "pk": 11,
  "fields": {
    "created_at": "2026-03-25T10:22:44.031Z",
    "author": [
      "user"
    ],
    "contact": "в•Ёв”җв•Ёв••в•Ёв•–в•Ёв”Өв•Ёв•Ўв•ӨР– в•Ёв•‘в•Ёв–‘в•Ёв•‘в•Ёв–‘ в•ӨР‘в•Ёв–“в•ӨРҹв•Ёв•–в•Ёв–‘в•ӨР’в•ӨРңв•ӨР‘в•ӨРҹ",
    "request_type": "premium",
    "subject": "в•Ёв–’в•Ёв–‘в•Ёв–’в•Ёв•—в•Ёв•ӣ в•Ёв”Өв•Ёв–‘в•Ёв•Ј",
    "message": "в•Ёв”җв•ӨРҗв•Ёв•Ўв•Ёв•қ в•Ёв•ңв•ӨР“в•Ёв•ўв•Ёв•Ўв•Ёв•ң",
    "is_resolved": true,
    "admin_reply": "в•Ёв”җв•Ёв•ӣв•ӨРҳв•Ёв•Ўв•Ёв•— в•Ёв•ңв•Ёв–‘в•ӨР•в•ӨР“в•Ёв•Ј",
    "admin_replied_at": "2026-03-25T10:23:21.068Z",
    "admin_replied_by": [
      "Louis"
    ],
    "resolved_at": "2026-03-25T10:23:21.069Z",
    "resolved_by": [
      "Louis"
    ],
    "related_conversation": null,
    "related_listing": null,
    "related_purchase_request": null,
    "against_user": null,
    "dispute_kind": "",
    "dispute_details": ""
  }
},
{
  "model": "market.supportrequest",
  "pk": 12,
  "fields": {
    "created_at": "2026-03-25T11:03:21.228Z",
    "author": [
      "user"
    ],
    "contact": "",
    "request_type": "seller",
    "subject": "в•ЁРұв•Ёв”җв•Ёв•ӣв•ӨРҗ в•Ёв”җв•Ёв•ӣ в•ӨР‘в•Ёв”Өв•Ёв•Ўв•Ёв•—в•Ёв•‘в•Ёв•Ў #37: 12в•Ёв–“в•ӨРӣв•ӨР”в•ӨР”в•ӨРӣв•Ёв–“",
    "message": "в•ЁРҜв•Ёв•ӣв•Ёв•—в•ӨРңв•Ёв•–в•Ёв•ӣв•Ёв–“в•Ёв–‘в•ӨР’в•Ёв•Ўв•Ёв•—в•ӨРң в•Ёв•ӣв•ӨР‘в•Ёв”җв•Ёв–‘в•ӨРҗв•Ёв••в•Ёв–“в•Ёв–‘в•Ёв•Ўв•ӨР’ в•Ёв•–в•Ёв–‘в•Ёв–“в•Ёв•Ўв•ӨРҗв•ӨРҳв•ӨРЎв•Ёв•ңв•Ёв•ңв•ӨР“в•ӨРһ в•ӨР‘в•Ёв”Өв•Ёв•Ўв•Ёв•—в•Ёв•‘в•ӨР“.\r\nв•ЁРӨв•Ёв••в•Ёв–‘в•Ёв•—в•Ёв•ӣв•Ёв”Ӯ: #37\r\nв•ЁР§в•Ёв–‘в•Ёв”җв•ӨРҗв•Ёв•ӣв•ӨР‘ в•Ёв•ңв•Ёв–‘ в•Ёв”җв•Ёв•ӣв•Ёв•‘в•ӨР“в•Ёв”җв•Ёв•‘в•ӨР“: #30\r\nв•ЁР®в•Ёв–’в•ӨРҡв•ӨРҹв•Ёв–“в•Ёв•—в•Ёв•Ўв•Ёв•ңв•Ёв••в•Ёв•Ў: #56 СӮРҗРӨ 12в•Ёв–“в•ӨРӣв•ӨР”в•ӨР”в•ӨРӣв•Ёв–“\r\nв•ЁР§в•Ёв–‘в•ӨРҹв•Ёв–“в•Ёв••в•ӨР’в•Ёв•Ўв•Ёв•—в•ӨРң: user (ID: 4)\r\nв•ЁР®в•Ёв”җв•Ёв”җв•Ёв•ӣв•Ёв•ңв•Ёв•Ўв•Ёв•ңв•ӨР’: Louis (ID: 3)\r\n\r\nв•ЁР®в•Ёв”җв•Ёв••в•ӨРҳв•Ёв••в•ӨР’в•Ёв•Ў, в•ӨР—в•ӨР’в•Ёв•ӣ в•Ёв••в•Ёв•қв•Ёв•Ўв•Ёв•ңв•Ёв•ңв•Ёв•ӣ в•Ёв–’в•ӨРӣв•Ёв•—в•Ёв•ӣ в•Ёв•ңв•Ёв–‘в•ӨРҗв•ӨР“в•ӨРҳв•Ёв•Ўв•Ёв•ңв•Ёв•ӣ, в•Ёв•• в•ӨР—в•ӨР’в•Ёв•ӣ в•Ёв•ңв•Ёв•Ў в•Ёв–“в•ӨРӣв•Ёв”Өв•Ёв–‘в•Ёв•—в•Ёв••/в•Ёв•ңв•Ёв•Ў в•Ёв–“в•Ёв•Ўв•ӨРҗв•Ёв•ңв•ӨР“в•Ёв•—в•Ёв••.",
    "is_resolved": true,
    "admin_reply": "в•Ёв•ӣв•Ёв•‘",
    "admin_replied_at": "2026-03-25T11:03:52.808Z",
    "admin_replied_by": [
      "Louis"
    ],
    "resolved_at": "2026-03-25T11:03:52.812Z",
    "resolved_by": [
      "Louis"
    ],
    "related_conversation": 37,
    "related_listing": 56,
    "related_purchase_request": null,
    "against_user": [
      "Louis"
    ],
    "dispute_kind": "not_received",
    "dispute_details": ""
  }
},
{
  "model": "market.supportrequest",
  "pk": 13,
  "fields": {
    "created_at": "2026-03-25T11:07:39.714Z",
    "author": [
      "Louis"
    ],
    "contact": "",
    "request_type": "seller",
    "subject": "в•ЁРұв•Ёв”җв•Ёв•ӣв•ӨРҗ в•Ёв”җв•Ёв•ӣ в•ӨР‘в•Ёв”Өв•Ёв•Ўв•Ёв•—в•Ёв•‘в•Ёв•Ў #37: 12в•Ёв–“в•ӨРӣв•ӨР”в•ӨР”в•ӨРӣв•Ёв–“",
    "message": "в•ЁРҜв•Ёв•ӣв•Ёв•—в•ӨРңв•Ёв•–в•Ёв•ӣв•Ёв–“в•Ёв–‘в•ӨР’в•Ёв•Ўв•Ёв•—в•ӨРң в•Ёв•ӣв•ӨР‘в•Ёв”җв•Ёв–‘в•ӨРҗв•Ёв••в•Ёв–“в•Ёв–‘в•Ёв•Ўв•ӨР’ в•Ёв•–в•Ёв–‘в•Ёв–“в•Ёв•Ўв•ӨРҗв•ӨРҳв•ӨРЎв•Ёв•ңв•Ёв•ңв•ӨР“в•ӨРһ в•ӨР‘в•Ёв”Өв•Ёв•Ўв•Ёв•—в•Ёв•‘в•ӨР“.\r\nв•ЁРӨв•Ёв••в•Ёв–‘в•Ёв•—в•Ёв•ӣв•Ёв”Ӯ: #37\r\nв•ЁР§в•Ёв–‘в•Ёв”җв•ӨРҗв•Ёв•ӣв•ӨР‘ в•Ёв•ңв•Ёв–‘ в•Ёв”җв•Ёв•ӣв•Ёв•‘в•ӨР“в•Ёв”җв•Ёв•‘в•ӨР“: #30\r\nв•ЁР®в•Ёв–’в•ӨРҡв•ӨРҹв•Ёв–“в•Ёв•—в•Ёв•Ўв•Ёв•ңв•Ёв••в•Ёв•Ў: #56 СӮРҗРӨ 12в•Ёв–“в•ӨРӣв•ӨР”в•ӨР”в•ӨРӣв•Ёв–“\r\nв•ЁР§в•Ёв–‘в•ӨРҹв•Ёв–“в•Ёв••в•ӨР’в•Ёв•Ўв•Ёв•—в•ӨРң: Louis (ID: 3)\r\nв•ЁР®в•Ёв”җв•Ёв”җв•Ёв•ӣв•Ёв•ңв•Ёв•Ўв•Ёв•ңв•ӨР’: user (ID: 4)\r\n\r\nв•ЁР®в•Ёв”җв•Ёв••в•ӨРҳв•Ёв••в•ӨР’в•Ёв•Ў, в•ӨР—в•ӨР’в•Ёв•ӣ в•Ёв••в•Ёв•қв•Ёв•Ўв•Ёв•ңв•Ёв•ңв•Ёв•ӣ в•Ёв–’в•ӨРӣв•Ёв•—в•Ёв•ӣ в•Ёв•ңв•Ёв–‘в•ӨРҗв•ӨР“в•ӨРҳв•Ёв•Ўв•Ёв•ңв•Ёв•ӣ, в•Ёв•• в•ӨР—в•ӨР’в•Ёв•ӣ в•Ёв•ңв•Ёв•Ў в•Ёв–“в•ӨРӣв•Ёв”Өв•Ёв–‘в•Ёв•—в•Ёв••/в•Ёв•ңв•Ёв•Ў в•Ёв–“в•Ёв•Ўв•ӨРҗв•Ёв•ңв•ӨР“в•Ёв•—в•Ёв••.",
    "is_resolved": true,
    "admin_reply": "",
    "admin_replied_at": null,
    "admin_replied_by": null,
    "resolved_at": "2026-03-25T11:07:52.782Z",
    "resolved_by": [
      "Louis"
    ],
    "related_conversation": 37,
    "related_listing": 56,
    "related_purchase_request": null,
    "against_user": [
      "user"
    ],
    "dispute_kind": "not_received",
    "dispute_details": ""
  }
},
{
  "model": "market.supportrequest",
  "pk": 14,
  "fields": {
    "created_at": "2026-03-25T11:29:17.275Z",
    "author": [
      "user"
    ],
    "contact": "",
    "request_type": "seller",
    "subject": "в•ЁРұв•Ёв”җв•Ёв•ӣв•ӨРҗ в•Ёв”җв•Ёв•ӣ в•ӨР‘в•Ёв”Өв•Ёв•Ўв•Ёв•—в•Ёв•‘в•Ёв•Ў #37: 12в•Ёв–“в•ӨРӣв•ӨР”в•ӨР”в•ӨРӣв•Ёв–“",
    "message": "в•ЁРҜв•Ёв•ӣв•Ёв•—в•ӨРңв•Ёв•–в•Ёв•ӣв•Ёв–“в•Ёв–‘в•ӨР’в•Ёв•Ўв•Ёв•—в•ӨРң в•Ёв•ӣв•ӨР‘в•Ёв”җв•Ёв–‘в•ӨРҗв•Ёв••в•Ёв–“в•Ёв–‘в•Ёв•Ўв•ӨР’ в•Ёв•–в•Ёв–‘в•Ёв–“в•Ёв•Ўв•ӨРҗв•ӨРҳв•ӨРЎв•Ёв•ңв•Ёв•ңв•ӨР“в•ӨРһ в•ӨР‘в•Ёв”Өв•Ёв•Ўв•Ёв•—в•Ёв•‘в•ӨР“.\r\nв•ЁРӨв•Ёв••в•Ёв–‘в•Ёв•—в•Ёв•ӣв•Ёв”Ӯ: #37\r\nв•ЁР§в•Ёв–‘в•Ёв”җв•ӨРҗв•Ёв•ӣв•ӨР‘ в•Ёв•ңв•Ёв–‘ в•Ёв”җв•Ёв•ӣв•Ёв•‘в•ӨР“в•Ёв”җв•Ёв•‘в•ӨР“: #31\r\nв•ЁР®в•Ёв–’в•ӨРҡв•ӨРҹв•Ёв–“в•Ёв•—в•Ёв•Ўв•Ёв•ңв•Ёв••в•Ёв•Ў: #56 СӮРҗРӨ 12в•Ёв–“в•ӨРӣв•ӨР”в•ӨР”в•ӨРӣв•Ёв–“\r\nв•ЁР§в•Ёв–‘в•ӨРҹв•Ёв–“в•Ёв••в•ӨР’в•Ёв•Ўв•Ёв•—в•ӨРң: user (ID: 4)\r\nв•ЁР®в•Ёв”җв•Ёв”җв•Ёв•ӣв•Ёв•ңв•Ёв•Ўв•Ёв•ңв•ӨР’: Louis (ID: 3)\r\n\r\nв•ЁР®в•Ёв”җв•Ёв••в•ӨРҳв•Ёв••в•ӨР’в•Ёв•Ў, в•ӨР—в•ӨР’в•Ёв•ӣ в•Ёв••в•Ёв•қв•Ёв•Ўв•Ёв•ңв•Ёв•ңв•Ёв•ӣ в•Ёв–’в•ӨРӣв•Ёв•—в•Ёв•ӣ в•Ёв•ңв•Ёв–‘в•ӨРҗв•ӨР“в•ӨРҳв•Ёв•Ўв•Ёв•ңв•Ёв•ӣ, в•Ёв•• в•ӨР—в•ӨР’в•Ёв•ӣ в•Ёв•ңв•Ёв•Ў в•Ёв–“в•ӨРӣв•Ёв”Өв•Ёв–‘в•Ёв•—в•Ёв••/в•Ёв•ңв•Ёв•Ў в•Ёв–“в•Ёв•Ўв•ӨРҗв•Ёв•ңв•ӨР“в•Ёв•—в•Ёв••.",
    "is_resolved": true,
    "admin_reply": "в•ӨР•в•Ёв•ӣв•ӨРҗв•Ёв•ӣв•ӨРҳв•Ёв•ӣ в•ӨР‘в•Ёв”җв•Ёв•ӣв•ӨРҗ в•ӨРҗв•Ёв•Ўв•ӨРҳв•Ёв•Ўв•Ёв•ң!",
    "admin_replied_at": "2026-03-25T11:38:40.258Z",
    "admin_replied_by": [
      "Louis"
    ],
    "resolved_at": "2026-03-25T11:38:40.261Z",
    "resolved_by": [
      "Louis"
    ],
    "related_conversation": 37,
    "related_listing": 56,
    "related_purchase_request": 31,
    "against_user": [
      "Louis"
    ],
    "dispute_kind": "not_received",
    "dispute_details": ""
  }
},
{
  "model": "market.supportmessage",
  "pk": 1,
  "fields": {
    "request": 5,
    "created_at": "2026-03-13T13:32:15.804Z",
    "author": [
      "user"
    ],
    "text": "",
    "screenshot": "support_screenshots/FN2814-011-700x700_в•ЁРҜв•ӨРҗв•Ёв••в•Ёв•–в•ӨРҗв•Ёв–‘в•ӨР—в•Ёв•ңв•ӨРӣв•Ёв•Ј_в•Ёв•қв•Ёв–‘в•Ёв•ңв•Ёв•Ўв•Ёв•‘в•Ёв•Ўв•Ёв•ң.jpg"
  }
},
{
  "model": "market.supportmessage",
  "pk": 2,
  "fields": {
    "request": 7,
    "created_at": "2026-03-13T14:55:25.538Z",
    "author": [
      "user"
    ],
    "text": "в•Ёв–“в•Ёв–‘в•Ёв”җв•Ёв–“в•Ёв–‘в•Ёв”җ",
    "screenshot": ""
  }
},
{
  "model": "market.supportmessage",
  "pk": 3,
  "fields": {
    "request": 9,
    "created_at": "2026-03-25T08:03:17.423Z",
    "author": [
      "Louis"
    ],
    "text": "в•ӨРӣв•Ёв–“в•Ёв–‘в•ӨРӣв•Ёв–“в•Ёв–‘",
    "screenshot": "support_screenshots/hv4187-486.jpg"
  }
},
{
  "model": "market.supportmessage",
  "pk": 4,
  "fields": {
    "request": 9,
    "created_at": "2026-03-25T08:35:49.756Z",
    "author": [
      "user"
    ],
    "text": "в•Ёв•—в•Ёв•ӣв•Ёв–“в•ӨРӣв•ӨРҗв•Ёв–‘в•Ёв”җв•ӨРӣв•Ёв–“в•ӨРҗв•Ёв–‘",
    "screenshot": ""
  }
},
{
  "model": "market.supportmessage",
  "pk": 5,
  "fields": {
    "request": 10,
    "created_at": "2026-03-25T08:53:05.798Z",
    "author": [
      "Louis"
    ],
    "text": "в•ӨР”в•ӨРӣв•Ёв–“в•ӨР”в•ӨРӣв•Ёв–“",
    "screenshot": "support_screenshots/hv4187-486_FtHY8vI.jpg"
  }
},
{
  "model": "market.supportmessage",
  "pk": 6,
  "fields": {
    "request": 10,
    "created_at": "2026-03-25T09:22:42.825Z",
    "author": [
      "Louis"
    ],
    "text": "в•ӨР—в•ӨР‘в•Ёв•қв•ӨР‘в•ӨР—в•Ёв•қ",
    "screenshot": ""
  }
},
{
  "model": "market.supportmessage",
  "pk": 7,
  "fields": {
    "request": 11,
    "created_at": "2026-03-25T10:22:44.098Z",
    "author": [
      "user"
    ],
    "text": "в•Ёв”җв•ӨРҗв•Ёв•Ўв•Ёв•қ в•Ёв•ңв•ӨР“в•Ёв•ўв•Ёв•Ўв•Ёв•ң",
    "screenshot": "support_screenshots/hv4187-486_gHOpbu8.jpg"
  }
},
{
  "model": "market.supportmessage",
  "pk": 8,
  "fields": {
    "request": 11,
    "created_at": "2026-03-25T10:23:21.068Z",
    "author": [
      "Louis"
    ],
    "text": "в•Ёв”җв•Ёв•ӣв•ӨРҳв•Ёв•Ўв•Ёв•— в•Ёв•ңв•Ёв–‘в•ӨР•в•ӨР“в•Ёв•Ј",
    "screenshot": ""
  }
},
{
  "model": "market.supportmessage",
  "pk": 9,
  "fields": {
    "request": 12,
    "created_at": "2026-03-25T11:03:21.233Z",
    "author": [
      "user"
    ],
    "text": "в•ЁРҜв•Ёв•ӣв•Ёв•—в•ӨРңв•Ёв•–в•Ёв•ӣв•Ёв–“в•Ёв–‘в•ӨР’в•Ёв•Ўв•Ёв•—в•ӨРң в•Ёв•ӣв•ӨР‘в•Ёв”җв•Ёв–‘в•ӨРҗв•Ёв••в•Ёв–“в•Ёв–‘в•Ёв•Ўв•ӨР’ в•Ёв•–в•Ёв–‘в•Ёв–“в•Ёв•Ўв•ӨРҗв•ӨРҳв•ӨРЎв•Ёв•ңв•Ёв•ңв•ӨР“в•ӨРһ в•ӨР‘в•Ёв”Өв•Ёв•Ўв•Ёв•—в•Ёв•‘в•ӨР“.\nв•ЁРӨв•Ёв••в•Ёв–‘в•Ёв•—в•Ёв•ӣв•Ёв”Ӯ: #37\nв•ЁР§в•Ёв–‘в•Ёв”җв•ӨРҗв•Ёв•ӣв•ӨР‘ в•Ёв•ңв•Ёв–‘ в•Ёв”җв•Ёв•ӣв•Ёв•‘в•ӨР“в•Ёв”җв•Ёв•‘в•ӨР“: #30\nв•ЁР®в•Ёв–’в•ӨРҡв•ӨРҹв•Ёв–“в•Ёв•—в•Ёв•Ўв•Ёв•ңв•Ёв••в•Ёв•Ў: #56 СӮРҗРӨ 12в•Ёв–“в•ӨРӣв•ӨР”в•ӨР”в•ӨРӣв•Ёв–“\nв•ЁР§в•Ёв–‘в•ӨРҹв•Ёв–“в•Ёв••в•ӨР’в•Ёв•Ўв•Ёв•—в•ӨРң: user (ID: 4)\nв•ЁР®в•Ёв”җв•Ёв”җв•Ёв•ӣв•Ёв•ңв•Ёв•Ўв•Ёв•ңв•ӨР’: Louis (ID: 3)\n\nв•ЁР®в•Ёв”җв•Ёв••в•ӨРҳв•Ёв••в•ӨР’в•Ёв•Ў, в•ӨР—в•ӨР’в•Ёв•ӣ в•Ёв••в•Ёв•қв•Ёв•Ўв•Ёв•ңв•Ёв•ңв•Ёв•ӣ в•Ёв–’в•ӨРӣв•Ёв•—в•Ёв•ӣ в•Ёв•ңв•Ёв–‘в•ӨРҗв•ӨР“в•ӨРҳв•Ёв•Ўв•Ёв•ңв•Ёв•ӣ, в•Ёв•• в•ӨР—в•ӨР’в•Ёв•ӣ в•Ёв•ңв•Ёв•Ў в•Ёв–“в•ӨРӣв•Ёв”Өв•Ёв–‘в•Ёв•—в•Ёв••/в•Ёв•ңв•Ёв•Ў в•Ёв–“в•Ёв•Ўв•ӨРҗв•Ёв•ңв•ӨР“в•Ёв•—в•Ёв••.",
    "screenshot": ""
  }
},
{
  "model": "market.supportmessage",
  "pk": 10,
  "fields": {
    "request": 12,
    "created_at": "2026-03-25T11:03:52.809Z",
    "author": [
      "Louis"
    ],
    "text": "в•Ёв•ӣв•Ёв•‘",
    "screenshot": ""
  }
},
{
  "model": "market.supportmessage",
  "pk": 11,
  "fields": {
    "request": 13,
    "created_at": "2026-03-25T11:07:39.719Z",
    "author": [
      "Louis"
    ],
    "text": "в•ЁРҜв•Ёв•ӣв•Ёв•—в•ӨРңв•Ёв•–в•Ёв•ӣв•Ёв–“в•Ёв–‘в•ӨР’в•Ёв•Ўв•Ёв•—в•ӨРң в•Ёв•ӣв•ӨР‘в•Ёв”җв•Ёв–‘в•ӨРҗв•Ёв••в•Ёв–“в•Ёв–‘в•Ёв•Ўв•ӨР’ в•Ёв•–в•Ёв–‘в•Ёв–“в•Ёв•Ўв•ӨРҗв•ӨРҳв•ӨРЎв•Ёв•ңв•Ёв•ңв•ӨР“в•ӨРһ в•ӨР‘в•Ёв”Өв•Ёв•Ўв•Ёв•—в•Ёв•‘в•ӨР“.\nв•ЁРӨв•Ёв••в•Ёв–‘в•Ёв•—в•Ёв•ӣв•Ёв”Ӯ: #37\nв•ЁР§в•Ёв–‘в•Ёв”җв•ӨРҗв•Ёв•ӣв•ӨР‘ в•Ёв•ңв•Ёв–‘ в•Ёв”җв•Ёв•ӣв•Ёв•‘в•ӨР“в•Ёв”җв•Ёв•‘в•ӨР“: #30\nв•ЁР®в•Ёв–’в•ӨРҡв•ӨРҹв•Ёв–“в•Ёв•—в•Ёв•Ўв•Ёв•ңв•Ёв••в•Ёв•Ў: #56 СӮРҗРӨ 12в•Ёв–“в•ӨРӣв•ӨР”в•ӨР”в•ӨРӣв•Ёв–“\nв•ЁР§в•Ёв–‘в•ӨРҹв•Ёв–“в•Ёв••в•ӨР’в•Ёв•Ўв•Ёв•—в•ӨРң: Louis (ID: 3)\nв•ЁР®в•Ёв”җв•Ёв”җв•Ёв•ӣв•Ёв•ңв•Ёв•Ўв•Ёв•ңв•ӨР’: user (ID: 4)\n\nв•ЁР®в•Ёв”җв•Ёв••в•ӨРҳв•Ёв••в•ӨР’в•Ёв•Ў, в•ӨР—в•ӨР’в•Ёв•ӣ в•Ёв••в•Ёв•қв•Ёв•Ўв•Ёв•ңв•Ёв•ңв•Ёв•ӣ в•Ёв–’в•ӨРӣв•Ёв•—в•Ёв•ӣ в•Ёв•ңв•Ёв–‘в•ӨРҗв•ӨР“в•ӨРҳв•Ёв•Ўв•Ёв•ңв•Ёв•ӣ, в•Ёв•• в•ӨР—в•ӨР’в•Ёв•ӣ в•Ёв•ңв•Ёв•Ў в•Ёв–“в•ӨРӣв•Ёв”Өв•Ёв–‘в•Ёв•—в•Ёв••/в•Ёв•ңв•Ёв•Ў в•Ёв–“в•Ёв•Ўв•ӨРҗв•Ёв•ңв•ӨР“в•Ёв•—в•Ёв••.",
    "screenshot": ""
  }
},
{
  "model": "market.supportmessage",
  "pk": 12,
  "fields": {
    "request": 14,
    "created_at": "2026-03-25T11:29:17.280Z",
    "author": [
      "user"
    ],
    "text": "в•ЁРҜв•Ёв•ӣв•Ёв•—в•ӨРңв•Ёв•–в•Ёв•ӣв•Ёв–“в•Ёв–‘в•ӨР’в•Ёв•Ўв•Ёв•—в•ӨРң в•Ёв•ӣв•ӨР‘в•Ёв”җв•Ёв–‘в•ӨРҗв•Ёв••в•Ёв–“в•Ёв–‘в•Ёв•Ўв•ӨР’ в•Ёв•–в•Ёв–‘в•Ёв–“в•Ёв•Ўв•ӨРҗв•ӨРҳв•ӨРЎв•Ёв•ңв•Ёв•ңв•ӨР“в•ӨРһ в•ӨР‘в•Ёв”Өв•Ёв•Ўв•Ёв•—в•Ёв•‘в•ӨР“.\nв•ЁРӨв•Ёв••в•Ёв–‘в•Ёв•—в•Ёв•ӣв•Ёв”Ӯ: #37\nв•ЁР§в•Ёв–‘в•Ёв”җв•ӨРҗв•Ёв•ӣв•ӨР‘ в•Ёв•ңв•Ёв–‘ в•Ёв”җв•Ёв•ӣв•Ёв•‘в•ӨР“в•Ёв”җв•Ёв•‘в•ӨР“: #31\nв•ЁР®в•Ёв–’в•ӨРҡв•ӨРҹв•Ёв–“в•Ёв•—в•Ёв•Ўв•Ёв•ңв•Ёв••в•Ёв•Ў: #56 СӮРҗРӨ 12в•Ёв–“в•ӨРӣв•ӨР”в•ӨР”в•ӨРӣв•Ёв–“\nв•ЁР§в•Ёв–‘в•ӨРҹв•Ёв–“в•Ёв••в•ӨР’в•Ёв•Ўв•Ёв•—в•ӨРң: user (ID: 4)\nв•ЁР®в•Ёв”җв•Ёв”җв•Ёв•ӣв•Ёв•ңв•Ёв•Ўв•Ёв•ңв•ӨР’: Louis (ID: 3)\n\nв•ЁР®в•Ёв”җв•Ёв••в•ӨРҳв•Ёв••в•ӨР’в•Ёв•Ў, в•ӨР—в•ӨР’в•Ёв•ӣ в•Ёв••в•Ёв•қв•Ёв•Ўв•Ёв•ңв•Ёв•ңв•Ёв•ӣ в•Ёв–’в•ӨРӣв•Ёв•—в•Ёв•ӣ в•Ёв•ңв•Ёв–‘в•ӨРҗв•ӨР“в•ӨРҳв•Ёв•Ўв•Ёв•ңв•Ёв•ӣ, в•Ёв•• в•ӨР—в•ӨР’в•Ёв•ӣ в•Ёв•ңв•Ёв•Ў в•Ёв–“в•ӨРӣв•Ёв”Өв•Ёв–‘в•Ёв•—в•Ёв••/в•Ёв•ңв•Ёв•Ў в•Ёв–“в•Ёв•Ўв•ӨРҗв•Ёв•ңв•ӨР“в•Ёв•—в•Ёв••.",
    "screenshot": ""
  }
},
{
  "model": "market.supportmessage",
  "pk": 13,
  "fields": {
    "request": 14,
    "created_at": "2026-03-25T11:38:40.258Z",
    "author": [
      "Louis"
    ],
    "text": "в•ӨР•в•Ёв•ӣв•ӨРҗв•Ёв•ӣв•ӨРҳв•Ёв•ӣ в•ӨР‘в•Ёв”җв•Ёв•ӣв•ӨРҗ в•ӨРҗв•Ёв•Ўв•ӨРҳв•Ёв•Ўв•Ёв•ң!",
    "screenshot": ""
  }
},
{
  "model": "market.supportfaq",
  "pk": 1,
  "fields": {
    "question": "в•ЁР·в•ӨР’в•Ёв•ӣ в•ӨР’в•Ёв–‘в•Ёв•‘в•Ёв•ӣв•Ёв•Ў в•Ёв”җв•ӨРҗв•Ёв•Ўв•Ёв•қв•Ёв••в•ӨР“в•Ёв•қ в•Ёв•ңв•Ёв–‘ BAZAR?",
    "answer": "в•ЁРҜв•ӨРҗв•Ёв•Ўв•Ёв•қв•Ёв••в•ӨР“в•Ёв•қСӮРҗРЎв•ӨР‘в•ӨР’в•Ёв–‘в•ӨР’в•ӨР“в•ӨР‘ СӮРҗРӨ в•ӨРқв•ӨР’в•Ёв•ӣ в•Ёв”Өв•Ёв•ӣв•Ёв–’в•ӨРҗв•Ёв•ӣв•Ёв–“в•Ёв•ӣв•Ёв•—в•ӨРңв•Ёв•ңв•Ёв–‘в•ӨРҹ в•Ёв”җв•Ёв•ӣв•Ёв”Өв•Ёв”Өв•Ёв•Ўв•ӨРҗв•Ёв•ўв•Ёв•‘в•Ёв–‘ в•Ёв”җв•ӨРҗв•Ёв•ӣв•Ёв•Ўв•Ёв•‘в•ӨР’в•Ёв–‘, в•Ёв•–в•Ёв–‘ в•Ёв•‘в•Ёв•ӣв•ӨР’в•Ёв•ӣв•ӨРҗв•ӨР“в•ӨРһ в•Ёв–“в•ӨРӣ в•Ёв”җв•Ёв•ӣв•Ёв•—в•ӨР“в•ӨР—в•Ёв–‘в•Ёв•Ўв•ӨР’в•Ёв•Ў в•Ёв•‘в•Ёв•ӣв•ӨР‘в•Ёв•қв•Ёв•Ўв•ӨР’в•Ёв••в•ӨР—в•Ёв•Ўв•ӨР‘в•Ёв•‘в•Ёв••в•Ёв•Ў в•Ёв”җв•ӨРҗв•Ёв••в•Ёв–“в•Ёв••в•Ёв•—в•Ёв•Ўв•Ёв”Ӯв•Ёв••в•Ёв•• в•Ёв•• в•Ёв•ңв•Ёв•Ўв•Ёв–’в•Ёв•ӣв•Ёв•—в•ӨРңв•ӨРҳв•Ёв••в•Ёв•Ў в•Ёв”җв•ӨРҗв•Ёв•Ўв•Ёв••в•Ёв•қв•ӨР“в•ӨРҷв•Ёв•Ўв•ӨР‘в•ӨР’в•Ёв–“в•Ёв–‘ в•Ёв–“ в•Ёв”җв•Ёв•ӣв•Ёв•‘в•Ёв–‘в•Ёв•–в•Ёв•Ў в•Ёв•ӣв•Ёв–’в•ӨРҡв•ӨРҹв•Ёв–“в•Ёв•—в•Ёв•Ўв•Ёв•ңв•Ёв••в•Ёв•Ј, в•Ёв•ңв•Ёв•ӣ в•Ёв•ңв•Ёв•Ў в•Ёв••в•Ёв”Ӯв•ӨРҗв•Ёв•ӣв•Ёв–“в•ӨРӣв•Ёв•Ў в•Ёв–’в•Ёв•ӣв•Ёв•ңв•ӨР“в•ӨР‘в•ӨРӣ в•Ёв•• в•Ёв•ңв•Ёв•Ў в•ӨР”в•Ёв••в•Ёв•ңв•Ёв–‘в•Ёв•ңв•ӨР‘в•Ёв•ӣв•Ёв–“в•ӨРӣв•Ёв•Ў в•ӨР“в•ӨР‘в•Ёв•—в•ӨР“в•Ёв”Ӯв•Ёв••.\r\n\r\nв•ЁРӘв•ӨРҗв•Ёв–‘в•ӨР’в•Ёв•‘в•Ёв•ӣ, в•ӨР—в•ӨР’в•Ёв•ӣ в•Ёв”Өв•Ёв–‘в•ӨРЎв•ӨР’ в•Ёв”җв•ӨРҗв•Ёв•Ўв•Ёв•қв•Ёв••в•ӨР“в•Ёв•қ:\r\n\r\nв•ЁРўв•ӨРӣв•Ёв”Өв•Ёв•Ўв•Ёв•—в•Ёв•Ўв•Ёв•ңв•Ёв••в•Ёв•Ў в•Ёв”җв•ӨРҗв•Ёв•ӣв•ӨР”в•Ёв••в•Ёв•—в•ӨРҹ:\r\n\r\nв•Ёв•ӣв•ӨР’в•Ёв”Өв•Ёв•Ўв•Ёв•—в•ӨРңв•Ёв•ңв•ӨРӣв•Ёв•Ј в•Ёв”җв•ӨРҗв•Ёв•Ўв•Ёв•қв•Ёв••в•Ёв–‘в•Ёв•—в•ӨРңв•Ёв•ңв•ӨРӣв•Ёв•Ј в•ӨР‘в•ӨР’в•Ёв••в•Ёв•—в•ӨРң в•Ёв–‘в•Ёв–“в•Ёв–‘в•ӨР’в•Ёв–‘в•ӨРҗв•Ёв•‘в•Ёв••,\r\nв•Ёв•–в•Ёв•ӣв•Ёв•—в•Ёв•ӣв•ӨР’в•Ёв•ӣв•Ёв•Ј в”¬Р»в•Ёв•–в•Ёв–“в•ӨРЎв•Ёв•–в•Ёв”Өв•Ёв•ңв•ӨРӣв•Ёв•Ј в•Ёв”Өв•Ёв•ӣв•Ёв•ўв•Ёв”Өв•ӨРңв”¬в•— в•Ёв•• в•Ёв•‘в•Ёв•ӣв•ӨР‘в•Ёв•қв•Ёв••в•ӨР—в•Ёв•Ўв•ӨР‘в•Ёв•‘в•Ёв••в•Ёв•Ј в•ӨР”в•Ёв•ӣв•Ёв•ң в•Ёв•ңв•Ёв–‘ в•ӨР‘в•ӨР’в•ӨРҗв•Ёв–‘в•Ёв•ңв•Ёв••в•ӨР–в•Ёв•Ў в•Ёв”җв•ӨРҗв•Ёв•ӣв•Ёв”Өв•Ёв–‘в•Ёв–“в•ӨР–в•Ёв–‘,\r\nв•Ёв–‘в•Ёв•ңв•Ёв••в•Ёв•қв•Ёв••в•ӨРҗв•Ёв•ӣв•Ёв–“в•Ёв–‘в•Ёв•ңв•Ёв•ңв•Ёв–‘в•ӨРҹ в•Ёв•‘в•Ёв•ӣв•ӨРҗв•Ёв•ӣв•Ёв•ңв•Ёв–‘ в•ӨРҗв•ӨРҹв•Ёв”Өв•Ёв•ӣв•Ёв•қ в•ӨР‘ в•Ёв•ңв•Ёв••в•Ёв•‘в•Ёв•ӣв•Ёв•қ.\r\nв•ЁРўв•ӨРӣв•Ёв”Өв•Ёв•Ўв•Ёв•—в•Ёв•Ўв•Ёв•ңв•Ёв••в•Ёв•Ў в•Ёв•ӣв•Ёв–’в•ӨРҡв•ӨРҹв•Ёв–“в•Ёв•—в•Ёв•Ўв•Ёв•ңв•Ёв••в•Ёв•Ј:\r\n\r\nв•Ёв”җв•ӨРҗв•Ёв•Ўв•Ёв•қв•Ёв••в•ӨР“в•Ёв•қСӮРҗРЎв•Ёв••в•Ёв•‘в•Ёв•ӣв•Ёв•ңв•Ёв•‘в•Ёв–‘ в•Ёв•ңв•Ёв–‘ в•Ёв•‘в•Ёв–‘в•ӨРҗв•ӨР’в•Ёв•ӣв•ӨР—в•Ёв•‘в•Ёв–‘в•ӨР• в•Ёв•ӣв•Ёв–’в•ӨРҡв•ӨРҹв•Ёв–“в•Ёв•—в•Ёв•Ўв•Ёв•ңв•Ёв••в•Ёв•Ј,\r\nв•Ёв•қв•ӨРҹв•Ёв”Ӯв•Ёв•‘в•Ёв–‘в•ӨРҹ в•Ёв•–в•Ёв•ӣв•Ёв•—в•Ёв•ӣв•ӨР’в•Ёв••в•ӨР‘в•ӨР’в•Ёв–‘в•ӨРҹ в•Ёв”җв•Ёв•ӣв•Ёв”Өв•ӨР‘в•Ёв–“в•Ёв•Ўв•ӨР’в•Ёв•‘в•Ёв–‘, в•ӨР—в•ӨР’в•Ёв•ӣв•Ёв–’в•ӨРӣ в•Ёв–“в•Ёв–‘в•ӨРҳв•Ёв•• в•ӨР’в•Ёв•ӣв•Ёв–“в•Ёв–‘в•ӨРҗв•ӨРӣ в•Ёв•–в•Ёв–‘в•Ёв•қв•Ёв•Ўв•ӨР’в•Ёв•ңв•Ёв•Ўв•Ёв•Ў в•Ёв–“ в•ӨР‘в•Ёв”җв•Ёв••в•ӨР‘в•Ёв•‘в•Ёв–‘в•ӨР•.\r\nв•ЁРҜв•Ёв•ӣв•Ёв”Өв•Ёв•ңв•ӨРҹв•ӨР’в•Ёв••в•Ёв•Ў в•Ёв–“ в•ӨР’в•Ёв•ӣв•Ёв”җ:\r\n\r\nв•ӨР‘ в•Ёв”җв•ӨРҗв•Ёв•Ўв•Ёв•қв•Ёв••в•ӨР“в•Ёв•қСӮРҗРЎв•Ёв”җв•Ёв–‘в•Ёв•‘в•Ёв•Ўв•ӨР’в•Ёв•ӣв•Ёв•қ в•Ёв–“в•ӨРӣ в•Ёв”җв•Ёв•ӣв•Ёв•—в•ӨР“в•ӨР—в•Ёв–‘в•Ёв•Ўв•ӨР’в•Ёв•Ў в•Ёв•ӣв•Ёв”Ӯв•ӨРҗв•Ёв–‘в•Ёв•ңв•Ёв••в•ӨР—в•Ёв•Ўв•Ёв•ңв•Ёв•ңв•Ёв•ӣв•Ёв•Ў в•Ёв•‘в•Ёв•ӣв•Ёв•—в•Ёв••в•ӨР—в•Ёв•Ўв•ӨР‘в•ӨР’в•Ёв–“в•Ёв•ӣ в•Ёв•ӣв•ӨР—в•Ёв•‘в•Ёв•ӣв•Ёв–“ в•Ёв”җв•Ёв•ӣв•Ёв”Өв•Ёв•ңв•ӨРҹв•ӨР’в•Ёв••в•Ёв•Ј,\r\nв•Ёв•‘в•Ёв–‘в•Ёв•ўв•Ёв”Өв•Ёв•ӣв•Ёв•Ў в•Ёв”җв•Ёв•ӣв•Ёв”Өв•Ёв•ңв•ӨРҹв•ӨР’в•Ёв••в•Ёв•Ў в•Ёв”җв•Ёв•Ўв•ӨРҗв•Ёв•Ўв•Ёв•қв•Ёв•Ўв•ӨРҷв•Ёв–‘в•Ёв•Ўв•ӨР’ в•Ёв•ӣв•Ёв–’в•ӨРҡв•ӨРҹв•Ёв–“в•Ёв•—в•Ёв•Ўв•Ёв•ңв•Ёв••в•Ёв•Ў в•Ёв–“в•Ёв–“в•Ёв•Ўв•ӨРҗв•ӨР• в•ӨР‘в•Ёв”җв•Ёв••в•ӨР‘в•Ёв•‘в•Ёв–‘ в•Ёв•ңв•Ёв–‘ 24 в•ӨР—в•Ёв–‘в•ӨР‘в•Ёв–‘.\r\nв•ЁРўв•Ёв–‘в•Ёв•ўв•Ёв•ңв•Ёв•ӣ:\r\nв•ЁРҜв•ӨРҗв•Ёв•Ўв•Ёв•қв•Ёв••в•ӨР“в•Ёв•қ в•Ёв•ңв•Ёв•Ў в•Ёв”Ӯв•Ёв–‘в•ӨРҗв•Ёв–‘в•Ёв•ңв•ӨР’в•Ёв••в•ӨРҗв•ӨР“в•Ёв•Ўв•ӨР’ в•ӨР‘в•Ёв”Өв•Ёв•Ўв•Ёв•—в•Ёв•ӣв•Ёв•‘, в•Ёв•ңв•Ёв•Ў в•Ёв–“в•Ёв•—в•Ёв••в•ӨРҹв•Ёв•Ўв•ӨР’ в•Ёв•ңв•Ёв–‘ в•Ёв••в•Ёв”Ӯв•ӨРҗв•Ёв•ӣв•Ёв–“в•ӨР“в•ӨРһ в•ӨРқв•Ёв•‘в•Ёв•ӣв•Ёв•ңв•Ёв•ӣв•Ёв•қв•Ёв••в•Ёв•‘в•ӨР“ в•Ёв•• в•Ёв•ңв•Ёв•Ў в•ӨР‘в•Ёв–“в•ӨРҹв•Ёв•–в•Ёв–‘в•Ёв•ң в•ӨР‘ в•ӨРҗв•Ёв•Ўв•Ёв–‘в•Ёв•—в•ӨРңв•Ёв•ңв•ӨРӣв•Ёв•қв•Ёв•• в•Ёв”Өв•Ёв•Ўв•Ёв•ңв•ӨРңв•Ёв”Ӯв•Ёв–‘в•Ёв•қв•Ёв•• в•Ёв••в•Ёв•—в•Ёв•• в•Ёв–’в•Ёв••в•ӨРҗв•Ёв•ўв•Ёв•Ўв•Ёв–“в•Ёв•ӣв•Ёв•Ј в•ӨР’в•Ёв•ӣв•ӨРҗв•Ёв”Ӯв•Ёв•ӣв•Ёв–“в•Ёв•—в•Ёв•Ўв•Ёв•Ј. в•ЁРҪв•ӨР’в•Ёв•ӣ в•ӨР‘в•Ёв”җв•Ёв•ӣв•ӨР‘в•Ёв•ӣв•Ёв–’ в•Ёв”җв•Ёв•ӣв•Ёв”Өв•Ёв”Өв•Ёв•Ўв•ӨРҗв•Ёв•ўв•Ёв–‘в•ӨР’в•ӨРң в•ӨРҗв•Ёв–‘в•Ёв•–в•Ёв–“в•Ёв••в•ӨР’в•Ёв••в•Ёв•Ў в•Ёв”җв•ӨРҗв•Ёв•ӣв•Ёв•Ўв•Ёв•‘в•ӨР’в•Ёв–‘ в•Ёв•• в•Ёв”җв•Ёв•ӣв•Ёв•—в•ӨР“в•ӨР—в•Ёв••в•ӨР’в•ӨРң в•Ёв•‘в•ӨРҗв•Ёв–‘в•ӨР‘в•Ёв••в•Ёв–“в•Ёв•ӣв•Ёв•Ў в•Ёв•ӣв•ӨР”в•Ёв•ӣв•ӨРҗв•Ёв•қв•Ёв•—в•Ёв•Ўв•Ёв•ңв•Ёв••в•Ёв•Ў в•Ёв•• в•ӨР—в•ӨР“в•ӨР’в•ӨРң в•Ёв–’в•Ёв•ӣв•Ёв•—в•ӨРңв•ӨРҳв•Ёв•Ў в•Ёв–“в•Ёв••в•Ёв”Өв•Ёв••в•Ёв•қв•Ёв•ӣв•ӨР‘в•ӨР’в•Ёв•• в•Ёв”Өв•Ёв•—в•ӨРҹ в•ӨР‘в•Ёв–“в•Ёв•ӣв•Ёв••в•ӨР• в•Ёв•ӣв•Ёв–’в•ӨРҡв•ӨРҹв•Ёв–“в•Ёв•—в•Ёв•Ўв•Ёв•ңв•Ёв••в•Ёв•Ј.",
    "sort_order": 0,
    "is_active": true
  }
},
{
  "model": "market.userprofile",
  "pk": 1,
  "fields": {
    "user": [
      "Louis"
    ],
    "avatar": "avatars/20260310_1830_Image_Generation_remix_01kkbz1dh6fxmv0h60tz469v5m.png",
    "game_nickname": "Deffender477",
    "telegram": "#",
    "discord": "#",
    "steam": "#",
    "youtube": "#",
    "twitch": "#",
    "instagram": "#",
    "vk": "#",
    "extra_link": "#",
    "is_guarantor": true,
    "guarantor_title": "в•ЁРЎв•Ёв•ӣв•Ёв•ўв•Ёв•Ўв•Ёв•ңв•ӨРңв•Ёв•‘в•Ёв–‘",
    "guarantor_description": "",
    "guarantor_priority": 0,
    "last_seen": "2026-03-25T14:21:51Z",
    "seller_status_override": "cosmic",
    "is_banned": false,
    "ban_reason": "",
    "operator": "Industrial Model",
    "working_hours": "",
    "preferred_language": "в•ЁР°в•ӨР“в•ӨР‘в•ӨР‘в•Ёв•‘в•Ёв••в•Ёв•Ј",
    "org_url": "https://robertsspaceindustries.com/en/orgs/INM",
    "org_logo_url": "https://robertsspaceindustries.com/media/1p8x2qqh03xlcr/logo/INM-Logo.png",
    "is_streamer": true,
    "is_project_admin": true,
    "is_admin_whitelist": true,
    "is_operator": false,
    "is_premium": true,
    "premium_until": null,
    "premium_boost_credits": 519,
    "verified_bonus_given": false
  }
},
{
  "model": "market.userprofile",
  "pk": 2,
  "fields": {
    "user": [
      "user"
    ],
    "avatar": "avatars/photo_2025-08-14_16-37-09.jpg",
    "game_nickname": "Luis",
    "telegram": "",
    "discord": "",
    "steam": "",
    "youtube": "https://www.youtube.com/@TERMOGAD/videos",
    "twitch": "https://www.youtube.com/@TERMOGAD/videos",
    "instagram": "https://www.youtube.com/@TERMOGAD/videos",
    "vk": "",
    "extra_link": "",
    "is_guarantor": false,
    "guarantor_title": "",
    "guarantor_description": "",
    "guarantor_priority": 0,
    "last_seen": "2026-03-25T13:38:03.177Z",
    "seller_status_override": "",
    "is_banned": false,
    "ban_reason": "",
    "operator": "",
    "working_hours": "",
    "preferred_language": "",
    "org_url": "",
    "org_logo_url": "",
    "is_streamer": false,
    "is_project_admin": false,
    "is_admin_whitelist": false,
    "is_operator": false,
    "is_premium": true,
    "premium_until": "2026-04-15T12:30:47Z",
    "premium_boost_credits": 5,
    "verified_bonus_given": false
  }
},
{
  "model": "market.userprofile",
  "pk": 3,
  "fields": {
    "user": [
      "louisrocket"
    ],
    "avatar": "",
    "game_nickname": "",
    "telegram": "",
    "discord": "",
    "steam": "",
    "youtube": "",
    "twitch": "",
    "instagram": "",
    "vk": "",
    "extra_link": "",
    "is_guarantor": true,
    "guarantor_title": "",
    "guarantor_description": "",
    "guarantor_priority": 0,
    "last_seen": "2026-02-27T10:32:42Z",
    "seller_status_override": "",
    "is_banned": true,
    "ban_reason": "в•Ёв”җв•ӨРҗв•Ёв•ӣв•Ёв–“в•Ёв•Ўв•ӨРҗв•Ёв•‘в•Ёв–‘",
    "operator": "",
    "working_hours": "",
    "preferred_language": "",
    "org_url": "",
    "org_logo_url": "",
    "is_streamer": false,
    "is_project_admin": false,
    "is_admin_whitelist": false,
    "is_operator": false,
    "is_premium": true,
    "premium_until": "2026-06-14T07:30:29.436Z",
    "premium_boost_credits": 20,
    "verified_bonus_given": false
  }
},
{
  "model": "market.userprofile",
  "pk": 4,
  "fields": {
    "user": [
      "uhgfdj"
    ],
    "avatar": "",
    "game_nickname": "",
    "telegram": "",
    "discord": "",
    "steam": "",
    "youtube": "",
    "twitch": "",
    "instagram": "",
    "vk": "",
    "extra_link": "",
    "is_guarantor": false,
    "guarantor_title": "в•ӨР—в•Ёв•қв•Ёв•ӣв•ӨРҳв•Ёв•ңв•Ёв••в•Ёв•‘",
    "guarantor_description": "",
    "guarantor_priority": 0,
    "last_seen": "2026-02-27T15:53:33Z",
    "seller_status_override": "",
    "is_banned": true,
    "ban_reason": "в•ЁР§в•Ёв–‘в•Ёв–’в•Ёв•—в•Ёв•ӣв•Ёв•‘в•Ёв••в•ӨРҗв•Ёв•ӣв•Ёв–“в•Ёв–‘в•Ёв•ңв•Ёв•ңв•ӨРӣ в•Ёв•–в•Ёв–‘ в•Ёв”җв•ӨР“в•Ёв•ңв•Ёв•‘в•ӨР’ 1.8. в•Ёв•ңв•Ёв•Ўв•Ёв•–в•Ёв–‘в•Ёв•‘в•Ёв•ӣв•Ёв•ңв•Ёв•ңв•Ёв–‘в•ӨРҹ в•ӨР’в•Ёв•ӣв•ӨРҗв•Ёв”Ӯв•Ёв•ӣв•Ёв–“в•Ёв•—в•ӨРҹ в•ӨРҗв•Ёв•Ўв•Ёв–‘в•Ёв•—в•Ёв–‘в•Ёв•қв•Ёв••",
    "operator": "",
    "working_hours": "",
    "preferred_language": "",
    "org_url": "",
    "org_logo_url": "",
    "is_streamer": false,
    "is_project_admin": false,
    "is_admin_whitelist": false,
    "is_operator": false,
    "is_premium": false,
    "premium_until": null,
    "premium_boost_credits": 0,
    "verified_bonus_given": false
  }
},
{
  "model": "market.userprofile",
  "pk": 5,
  "fields": {
    "user": [
      "admin"
    ],
    "avatar": "",
    "game_nickname": "",
    "telegram": "",
    "discord": "",
    "steam": "",
    "youtube": "",
    "twitch": "",
    "instagram": "",
    "vk": "",
    "extra_link": "",
    "is_guarantor": false,
    "guarantor_title": "",
    "guarantor_description": "",
    "guarantor_priority": 0,
    "last_seen": null,
    "seller_status_override": "",
    "is_banned": true,
    "ban_reason": "в•Ёв”җв•ӨРҗв•Ёв•ӣв•ӨР‘в•ӨР’в•Ёв•ӣв•Ёв•Ј в•ӨР’в•Ёв•Ўв•ӨР‘в•ӨР’",
    "operator": "",
    "working_hours": "",
    "preferred_language": "",
    "org_url": "",
    "org_logo_url": "",
    "is_streamer": false,
    "is_project_admin": false,
    "is_admin_whitelist": false,
    "is_operator": false,
    "is_premium": false,
    "premium_until": null,
    "premium_boost_credits": 0,
    "verified_bonus_given": false
  }
},
{
  "model": "market.category",
  "pk": 1,
  "fields": {
    "name": "в•ЁРЎв•ӨРҗв•Ёв•ӣв•Ёв•ңв•ӨРҹ",
    "slug": "bronya",
    "parent": null,
    "sort_order": 0,
    "is_active": true
  }
},
{
  "model": "market.category",
  "pk": 2,
  "fields": {
    "name": "в•ЁРёв•Ёв•—в•Ёв•Ўв•Ёв•қв•ӨРӣ",
    "slug": "shlemy",
    "parent": null,
    "sort_order": 0,
    "is_active": true
  }
},
{
  "model": "market.category",
  "pk": 3,
  "fields": {
    "name": "в•ЁРӯв•Ёв–‘в•Ёв”Ӯв•ӨРҗв•ӨР“в•Ёв”Өв•Ёв•ңв•Ёв–‘в•ӨРҹ в•Ёв–’в•ӨРҗв•Ёв•ӣв•Ёв•ңв•ӨРҹ",
    "slug": "chest-armor",
    "parent": 1,
    "sort_order": 0,
    "is_active": true
  }
},
{
  "model": "market.category",
  "pk": 4,
  "fields": {
    "name": "в•ЁРҜв•ӨРҗв•Ёв•ӣв•ӨР—в•Ёв••в•Ёв•Ў в•ӨР’в•Ёв•ӣв•Ёв–“в•Ёв–‘в•ӨРҗв•ӨРӣ",
    "slug": "prochie-tovary",
    "parent": 1,
    "sort_order": 0,
    "is_active": true
  }
},
{
  "model": "market.category",
  "pk": 5,
  "fields": {
    "name": "в•ӨР—в•ӨР’в•Ёв•ӣв•ӨР’в•Ёв•ӣ",
    "slug": "chtoto",
    "parent": null,
    "sort_order": 0,
    "is_active": true
  }
},
{
  "model": "market.category",
  "pk": 6,
  "fields": {
    "name": "в•ӨР—в•ӨР’в•Ёв•ӣв•ӨР’в•Ёв•ӣ1",
    "slug": "chtoto1",
    "parent": null,
    "sort_order": 0,
    "is_active": true
  }
},
{
  "model": "market.category",
  "pk": 7,
  "fields": {
    "name": "в•ӨР’в•Ёв•ӣв•ӨР’в•Ёв•ӣ2",
    "slug": "toto2",
    "parent": 2,
    "sort_order": 0,
    "is_active": true
  }
},
{
  "model": "market.category",
  "pk": 8,
  "fields": {
    "name": "в•ӨР’в•Ёв•ӣв•ӨР’в•Ёв•ӣ3",
    "slug": "toto3",
    "parent": 2,
    "sort_order": 0,
    "is_active": true
  }
},
{
  "model": "market.category",
  "pk": 9,
  "fields": {
    "name": "в•ӨР’в•Ёв•ӣв•ӨР’в•Ёв•ӣ4",
    "slug": "toto4",
    "parent": 2,
    "sort_order": 0,
    "is_active": true
  }
},
{
  "model": "market.category",
  "pk": 10,
  "fields": {
    "name": "в•ӨР’в•Ёв•ӣв•ӨР’в•Ёв•ӣ5",
    "slug": "toto5",
    "parent": 2,
    "sort_order": 0,
    "is_active": true
  }
},
{
  "model": "market.category",
  "pk": 11,
  "fields": {
    "name": "в•ӨР’в•Ёв•ӣв•ӨР’в•Ёв•ӣ6",
    "slug": "toto6",
    "parent": null,
    "sort_order": 0,
    "is_active": true
  }
},
{
  "model": "market.category",
  "pk": 12,
  "fields": {
    "name": "в•ӨР’в•Ёв•ӣв•ӨР’в•Ёв•ӣ7",
    "slug": "toto7",
    "parent": null,
    "sort_order": 0,
    "is_active": true
  }
},
{
  "model": "market.category",
  "pk": 13,
  "fields": {
    "name": "в•ӨР“в•Ёв•—в•ӨР“в•ӨР—в•ӨРҳв•Ёв•Ўв•Ёв•ңв•Ёв••в•Ёв•Ј в•ӨР’в•Ёв•Ўв•Ёв•‘в•ӨР‘в•ӨР’ в•Ёв–“ в•Ёв•ӣв•Ёв”Өв•Ёв•ңв•ӨР“",
    "slug": "ulucsheniy-text",
    "parent": null,
    "sort_order": 0,
    "is_active": true
  }
},
{
  "model": "market.listing",
  "pk": 56,
  "fields": {
    "seller": [
      "Louis"
    ],
    "deal_type": "sell",
    "category": 7,
    "title": "12в•Ёв–“в•ӨРӣв•ӨР”в•ӨР”в•ӨРӣв•Ёв–“",
    "description": "в•ӨР”в•ӨРӣв•Ёв–“в•ӨР”в•ӨРӣв•Ёв–“в•ӨР”в•ӨРӣ",
    "original_price": "1230000000000.00",
    "price": "1230000000000.00",
    "currency": "AUEC",
    "barter_allowed": false,
    "barter_custom": "",
    "status": "active",
    "seo_title": "",
    "seo_description": "",
    "seo_keywords": "",
    "guarantor": null,
    "source": "",
    "location": "",
    "star_system": "",
    "views": 18,
    "availability": "",
    "in_stock": true,
    "quantity": 49998,
    "created_at": "2026-03-24T12:58:37.007Z",
    "updated_at": "2026-03-25T11:22:03.874Z",
    "boosted_until": null,
    "barter_for": []
  }
},
{
  "model": "market.listing",
  "pk": 57,
  "fields": {
    "seller": [
      "user"
    ],
    "deal_type": "buy",
    "category": 7,
    "title": "dsadasd",
    "description": "asdascxxzc",
    "original_price": "500000000.00",
    "price": "500000000.00",
    "currency": "AUEC",
    "barter_allowed": false,
    "barter_custom": "",
    "status": "active",
    "seo_title": "",
    "seo_description": "",
    "seo_keywords": "",
    "guarantor": null,
    "source": "",
    "location": "",
    "star_system": "",
    "views": 2,
    "availability": "",
    "in_stock": true,
    "quantity": 50,
    "created_at": "2026-03-25T07:30:27.329Z",
    "updated_at": "2026-03-25T08:02:10.400Z",
    "boosted_until": null,
    "barter_for": []
  }
},
{
  "model": "market.listing",
  "pk": 58,
  "fields": {
    "seller": [
      "user"
    ],
    "deal_type": "trade",
    "category": 3,
    "title": "в•ӨР‘в•Ёв”җв•ӨР‘в•Ёв•қв•ӨР—в•ӨР‘в•Ёв•қв•ӨР‘в•ӨР—в•Ёв•қв•ӨР‘в•ӨР—в•Ёв•қв•ӨР—в•ӨР‘в•Ёв•қв•ӨР‘в•ӨР—в•Ёв•қв•ӨР‘в•ӨР—в•Ёв•қв•ӨР—в•ӨР‘в•Ёв•қв•ӨР‘в•ӨР—в•Ёв•қв•ӨР‘в•ӨР—в•Ёв•қв•ӨР—в•ӨР‘в•Ёв•қв•ӨР‘в•ӨР—в•Ёв•қв•ӨР‘в•ӨР—в•Ёв•қ",
    "description": "в•ӨР—в•ӨР‘в•Ёв•қв•ӨР‘в•ӨР—в•Ёв•қв•ӨР‘в•ӨР—в•Ёв•қв•ӨР—в•ӨР‘в•Ёв•қв•ӨР‘в•ӨР—в•Ёв•қв•ӨР‘в•ӨР—в•Ёв•қв•ӨР—в•ӨР‘в•Ёв•қв•ӨР‘в•ӨР—в•Ёв•қв•ӨР‘в•ӨР—в•Ёв•қв•ӨР—в•ӨР‘в•Ёв•қв•ӨР‘в•ӨР—в•Ёв•қв•ӨР‘в•ӨР—в•Ёв•қв•ӨР—в•ӨР‘в•Ёв•қв•ӨР‘в•ӨР—в•Ёв•қв•ӨР‘в•ӨР—в•Ёв•қв•ӨР—в•ӨР‘в•Ёв•қв•ӨР‘в•ӨР—в•Ёв•қв•ӨР‘в•ӨР—в•Ёв•қв•ӨР—в•ӨР‘в•Ёв•қв•ӨР‘в•ӨР—в•Ёв•қв•ӨР‘в•ӨР—в•Ёв•қв•ӨР—в•ӨР‘в•Ёв•қв•ӨР‘в•ӨР—в•Ёв•қв•ӨР‘в•ӨР—в•Ёв•қв•ӨР—в•ӨР‘в•Ёв•қв•ӨР‘в•ӨР—в•Ёв•қв•ӨР‘в•ӨР—в•Ёв•қв•ӨР—в•ӨР‘в•Ёв•қв•ӨР‘в•ӨР—в•Ёв•қв•ӨР‘в•ӨР—в•Ёв•қв•ӨР—в•ӨР‘в•Ёв•қв•ӨР‘в•ӨР—в•Ёв•қв•ӨР‘в•ӨР—в•Ёв•қв•ӨР—в•ӨР‘в•Ёв•қв•ӨР‘в•ӨР—в•Ёв•қв•ӨР‘в•ӨР—в•Ёв•қв•ӨР—в•ӨР‘в•Ёв•қв•ӨР‘в•ӨР—в•Ёв•қв•ӨР‘в•ӨР—в•Ёв•қв•ӨР—в•ӨР‘в•Ёв•қв•ӨР‘в•ӨР—в•Ёв•қв•ӨР‘в•ӨР—в•Ёв•қв•ӨР—в•ӨР‘в•Ёв•қв•ӨР‘в•ӨР—в•Ёв•қв•ӨР‘в•ӨР—в•Ёв•қв•ӨР—в•ӨР‘в•Ёв•қв•ӨР‘в•ӨР—в•Ёв•қв•ӨР‘в•ӨР—в•Ёв•қв•ӨР—в•ӨР‘в•Ёв•қв•ӨР‘в•ӨР—в•Ёв•қв•ӨР‘в•ӨР—в•Ёв•қв•ӨР—в•ӨР‘в•Ёв•қв•ӨР‘в•ӨР—в•Ёв•қв•ӨР‘в•ӨР—в•Ёв•қв•ӨР—в•ӨР‘в•Ёв•қв•ӨР‘в•ӨР—в•Ёв•қв•ӨР‘в•ӨР—в•Ёв•қв•ӨР—в•ӨР‘в•Ёв•қв•ӨР‘в•ӨР—в•Ёв•қв•ӨР‘в•ӨР—в•Ёв•қв•ӨР—в•ӨР‘в•Ёв•қв•ӨР‘в•ӨР—в•Ёв•қв•ӨР‘в•ӨР—в•Ёв•қв•ӨР—в•ӨР‘в•Ёв•қв•ӨР‘в•ӨР—в•Ёв•қв•ӨР‘в•ӨР—в•Ёв•қв•ӨР—в•ӨР‘в•Ёв•қв•ӨР‘в•ӨР—в•Ёв•қв•ӨР‘в•ӨР—в•Ёв•қв•ӨР—в•ӨР‘в•Ёв•қв•ӨР‘в•ӨР—в•Ёв•қв•ӨР‘в•ӨР—в•Ёв•қ",
    "original_price": "500000000.00",
    "price": "500000000.00",
    "currency": "AUEC",
    "barter_allowed": true,
    "barter_custom": "",
    "status": "active",
    "seo_title": "",
    "seo_description": "",
    "seo_keywords": "",
    "guarantor": null,
    "source": "в•ӨР—в•ӨР‘в•Ёв•қв•ӨР‘в•ӨР—в•Ёв•қв•ӨР—в•ӨР‘",
    "location": "в•ӨР—в•ӨР‘в•Ёв•қв•ӨР—в•ӨР‘",
    "star_system": "в•Ёв•қв•ӨР—в•ӨР‘в•Ёв•қв•ӨР—в•ӨР‘",
    "views": 4,
    "availability": "в•ӨР—в•ӨР‘в•Ёв•қв•ӨР—в•ӨР‘в•Ёв•қв•ӨР—в•ӨР‘",
    "in_stock": true,
    "quantity": 1,
    "created_at": "2026-03-25T07:45:30.274Z",
    "updated_at": "2026-03-25T07:46:00.275Z",
    "boosted_until": null,
    "barter_for": [
      9
    ]
  }
},
{
  "model": "market.listing",
  "pk": 59,
  "fields": {
    "seller": [
      "user"
    ],
    "deal_type": "sell",
    "category": 4,
    "title": "в•ӨРӣв•Ёв–“в•Ёв–‘в•ӨРӣв•Ёв–“в•Ёв–‘в•Ёв–“в•ӨРӣ",
    "description": "в•ӨРӣв•Ёв–“в•Ёв–‘в•ӨРӣв•Ёв–“в•Ёв–‘в•ӨРӣв•Ёв–“в•Ёв–‘",
    "original_price": "50000000000.00",
    "price": "50000000000.00",
    "currency": "AUEC",
    "barter_allowed": true,
    "barter_custom": "в•ӨР”в•ӨРӣв•Ёв–“в•ӨР”в•ӨРӣв•Ёв–“в•ӨРӣв•ӨР”в•Ёв–“",
    "status": "active",
    "seo_title": "",
    "seo_description": "",
    "seo_keywords": "",
    "guarantor": null,
    "source": "в•ӨР”в•ӨРӣв•Ёв–“в•ӨР”в•ӨРӣв•Ёв–“",
    "location": "в•ӨР”в•ӨРӣв•Ёв–“в•ӨР”в•ӨРӣв•Ёв–“",
    "star_system": "в•ӨР”в•ӨРӣв•Ёв–“в•ӨР”в•ӨРӣ",
    "views": 0,
    "availability": "в•ӨР”в•ӨРӣв•Ёв–“в•ӨР”в•ӨРӣв•Ёв–“",
    "in_stock": true,
    "quantity": 50,
    "created_at": "2026-03-25T10:24:39.839Z",
    "updated_at": "2026-03-25T10:24:39.839Z",
    "boosted_until": null,
    "barter_for": [
      3
    ]
  }
},
{
  "model": "market.listingpricehistory",
  "pk": 51,
  "fields": {
    "listing": 56,
    "price": "1230000000000.00",
    "recorded_at": "2026-03-24T12:58:37.013Z"
  }
},
{
  "model": "market.listingpricehistory",
  "pk": 52,
  "fields": {
    "listing": 56,
    "price": "1230000000000.00",
    "recorded_at": "2026-03-24T12:58:37.017Z"
  }
},
{
  "model": "market.listingpricehistory",
  "pk": 53,
  "fields": {
    "listing": 57,
    "price": "500000000.00",
    "recorded_at": "2026-03-25T07:30:27.338Z"
  }
},
{
  "model": "market.listingpricehistory",
  "pk": 54,
  "fields": {
    "listing": 57,
    "price": "500000000.00",
    "recorded_at": "2026-03-25T07:30:27.343Z"
  }
},
{
  "model": "market.listingpricehistory",
  "pk": 55,
  "fields": {
    "listing": 58,
    "price": "500000000.00",
    "recorded_at": "2026-03-25T07:45:30.281Z"
  }
},
{
  "model": "market.listingpricehistory",
  "pk": 56,
  "fields": {
    "listing": 58,
    "price": "500000000.00",
    "recorded_at": "2026-03-25T07:45:30.285Z"
  }
},
{
  "model": "market.listingpricehistory",
  "pk": 57,
  "fields": {
    "listing": 59,
    "price": "50000000000.00",
    "recorded_at": "2026-03-25T10:24:39.844Z"
  }
},
{
  "model": "market.listingpricehistory",
  "pk": 58,
  "fields": {
    "listing": 59,
    "price": "50000000000.00",
    "recorded_at": "2026-03-25T10:24:39.848Z"
  }
},
{
  "model": "market.listingimage",
  "pk": 43,
  "fields": {
    "listing": 58,
    "image": "listing_images/photo_2025-08-14_16-37-09_yuDdjLw.jpg",
    "sort_order": 0,
    "is_main": true
  }
},
{
  "model": "market.listingimage",
  "pk": 44,
  "fields": {
    "listing": 59,
    "image": "listing_images/hv4187-486.jpg",
    "sort_order": 0,
    "is_main": true
  }
},
{
  "model": "market.conversation",
  "pk": 1,
  "fields": {
    "listing": null,
    "buyer": [
      "user"
    ],
    "seller": [
      "Louis"
    ],
    "created_at": "2026-02-27T09:05:17.225Z"
  }
},
{
  "model": "market.conversation",
  "pk": 2,
  "fields": {
    "listing": null,
    "buyer": [
      "user"
    ],
    "seller": [
      "Louis"
    ],
    "created_at": "2026-02-27T09:12:36.057Z"
  }
},
{
  "model": "market.conversation",
  "pk": 3,
  "fields": {
    "listing": null,
    "buyer": [
      "louisrocket"
    ],
    "seller": [
      "Louis"
    ],
    "created_at": "2026-02-27T10:26:57.019Z"
  }
},
{
  "model": "market.conversation",
  "pk": 4,
  "fields": {
    "listing": null,
    "buyer": [
      "Louis"
    ],
    "seller": [
      "user"
    ],
    "created_at": "2026-02-27T11:51:03.313Z"
  }
},
{
  "model": "market.conversation",
  "pk": 5,
  "fields": {
    "listing": null,
    "buyer": [
      "Louis"
    ],
    "seller": [
      "user"
    ],
    "created_at": "2026-02-27T13:58:49.175Z"
  }
},
{
  "model": "market.conversation",
  "pk": 6,
  "fields": {
    "listing": null,
    "buyer": [
      "user"
    ],
    "seller": [
      "Louis"
    ],
    "created_at": "2026-02-27T14:29:01.123Z"
  }
},
{
  "model": "market.conversation",
  "pk": 7,
  "fields": {
    "listing": null,
    "buyer": [
      "user"
    ],
    "seller": [
      "Louis"
    ],
    "created_at": "2026-02-27T14:50:13.878Z"
  }
},
{
  "model": "market.conversation",
  "pk": 8,
  "fields": {
    "listing": null,
    "buyer": [
      "Louis"
    ],
    "seller": [
      "user"
    ],
    "created_at": "2026-02-27T15:13:57.845Z"
  }
},
{
  "model": "market.conversation",
  "pk": 9,
  "fields": {
    "listing": null,
    "buyer": [
      "Louis"
    ],
    "seller": [
      "user"
    ],
    "created_at": "2026-03-02T09:28:02.972Z"
  }
},
{
  "model": "market.conversation",
  "pk": 10,
  "fields": {
    "listing": null,
    "buyer": [
      "user"
    ],
    "seller": [
      "Louis"
    ],
    "created_at": "2026-03-02T13:03:14.220Z"
  }
},
{
  "model": "market.conversation",
  "pk": 11,
  "fields": {
    "listing": null,
    "buyer": [
      "Louis"
    ],
    "seller": [
      "user"
    ],
    "created_at": "2026-03-02T13:07:07.005Z"
  }
},
{
  "model": "market.conversation",
  "pk": 12,
  "fields": {
    "listing": null,
    "buyer": [
      "Louis"
    ],
    "seller": [
      "user"
    ],
    "created_at": "2026-03-03T06:05:07.892Z"
  }
},
{
  "model": "market.conversation",
  "pk": 13,
  "fields": {
    "listing": null,
    "buyer": [
      "user"
    ],
    "seller": [
      "Louis"
    ],
    "created_at": "2026-03-06T07:23:34.254Z"
  }
},
{
  "model": "market.conversation",
  "pk": 14,
  "fields": {
    "listing": null,
    "buyer": [
      "Louis"
    ],
    "seller": [
      "user"
    ],
    "created_at": "2026-03-11T14:50:51.090Z"
  }
},
{
  "model": "market.conversation",
  "pk": 15,
  "fields": {
    "listing": null,
    "buyer": [
      "Louis"
    ],
    "seller": [
      "user"
    ],
    "created_at": "2026-03-11T15:04:22.411Z"
  }
},
{
  "model": "market.conversation",
  "pk": 16,
  "fields": {
    "listing": null,
    "buyer": [
      "user"
    ],
    "seller": [
      "Louis"
    ],
    "created_at": "2026-03-12T07:17:46.330Z"
  }
},
{
  "model": "market.conversation",
  "pk": 17,
  "fields": {
    "listing": null,
    "buyer": [
      "user"
    ],
    "seller": [
      "Louis"
    ],
    "created_at": "2026-03-12T07:58:46.996Z"
  }
},
{
  "model": "market.conversation",
  "pk": 18,
  "fields": {
    "listing": null,
    "buyer": [
      "Louis"
    ],
    "seller": [
      "user"
    ],
    "created_at": "2026-03-12T08:02:24.159Z"
  }
},
{
  "model": "market.conversation",
  "pk": 19,
  "fields": {
    "listing": null,
    "buyer": [
      "Louis"
    ],
    "seller": [
      "user"
    ],
    "created_at": "2026-03-12T08:55:02.645Z"
  }
},
{
  "model": "market.conversation",
  "pk": 20,
  "fields": {
    "listing": null,
    "buyer": [
      "Louis"
    ],
    "seller": [
      "user"
    ],
    "created_at": "2026-03-12T09:34:01.660Z"
  }
},
{
  "model": "market.conversation",
  "pk": 21,
  "fields": {
    "listing": null,
    "buyer": [
      "admin"
    ],
    "seller": [
      "Louis"
    ],
    "created_at": "2026-03-12T09:34:56.905Z"
  }
},
{
  "model": "market.conversation",
  "pk": 22,
  "fields": {
    "listing": null,
    "buyer": [
      "Louis"
    ],
    "seller": [
      "user"
    ],
    "created_at": "2026-03-12T09:53:48.727Z"
  }
},
{
  "model": "market.conversation",
  "pk": 23,
  "fields": {
    "listing": null,
    "buyer": [
      "admin"
    ],
    "seller": [
      "user"
    ],
    "created_at": "2026-03-12T10:33:20.009Z"
  }
},
{
  "model": "market.conversation",
  "pk": 24,
  "fields": {
    "listing": null,
    "buyer": [
      "Louis"
    ],
    "seller": [
      "user"
    ],
    "created_at": "2026-03-12T10:42:53.856Z"
  }
},
{
  "model": "market.conversation",
  "pk": 25,
  "fields": {
    "listing": null,
    "buyer": [
      "user"
    ],
    "seller": [
      "Louis"
    ],
    "created_at": "2026-03-12T10:45:22.577Z"
  }
},
{
  "model": "market.conversation",
  "pk": 26,
  "fields": {
    "listing": null,
    "buyer": [
      "user"
    ],
    "seller": [
      "Louis"
    ],
    "created_at": "2026-03-12T10:52:03.091Z"
  }
},
{
  "model": "market.conversation",
  "pk": 27,
  "fields": {
    "listing": null,
    "buyer": [
      "user"
    ],
    "seller": [
      "Louis"
    ],
    "created_at": "2026-03-13T06:05:18.530Z"
  }
},
{
  "model": "market.conversation",
  "pk": 28,
  "fields": {
    "listing": null,
    "buyer": [
      "user"
    ],
    "seller": [
      "Louis"
    ],
    "created_at": "2026-03-13T09:32:17.117Z"
  }
},
{
  "model": "market.conversation",
  "pk": 29,
  "fields": {
    "listing": null,
    "buyer": [
      "Louis"
    ],
    "seller": [
      "user"
    ],
    "created_at": "2026-03-16T10:43:28.634Z"
  }
},
{
  "model": "market.conversation",
  "pk": 30,
  "fields": {
    "listing": null,
    "buyer": [
      "user"
    ],
    "seller": [
      "Louis"
    ],
    "created_at": "2026-03-16T11:06:19.889Z"
  }
},
{
  "model": "market.conversation",
  "pk": 31,
  "fields": {
    "listing": null,
    "buyer": [
      "Louis"
    ],
    "seller": [
      "user"
    ],
    "created_at": "2026-03-16T11:10:44.049Z"
  }
},
{
  "model": "market.conversation",
  "pk": 32,
  "fields": {
    "listing": null,
    "buyer": [
      "user"
    ],
    "seller": [
      "Louis"
    ],
    "created_at": "2026-03-16T11:20:58.190Z"
  }
},
{
  "model": "market.conversation",
  "pk": 33,
  "fields": {
    "listing": null,
    "buyer": [
      "Louis"
    ],
    "seller": [
      "user"
    ],
    "created_at": "2026-03-16T11:23:26.657Z"
  }
},
{
  "model": "market.conversation",
  "pk": 34,
  "fields": {
    "listing": null,
    "buyer": [
      "user"
    ],
    "seller": [
      "Louis"
    ],
    "created_at": "2026-03-16T13:01:20.158Z"
  }
},
{
  "model": "market.conversation",
  "pk": 35,
  "fields": {
    "listing": 58,
    "buyer": [
      "Louis"
    ],
    "seller": [
      "user"
    ],
    "created_at": "2026-03-25T07:45:41.401Z"
  }
},
{
  "model": "market.conversation",
  "pk": 36,
  "fields": {
    "listing": 57,
    "buyer": [
      "Louis"
    ],
    "seller": [
      "user"
    ],
    "created_at": "2026-03-25T08:01:22.284Z"
  }
},
{
  "model": "market.conversation",
  "pk": 37,
  "fields": {
    "listing": 56,
    "buyer": [
      "user"
    ],
    "seller": [
      "Louis"
    ],
    "created_at": "2026-03-25T10:41:18.357Z"
  }
},
{
  "model": "market.message",
  "pk": 14,
  "fields": {
    "conversation": 1,
    "sender": [
      "user"
    ],
    "content": "в•Ёв•–в•Ёв–‘в•Ёв•Ўв•Ёв–’в•Ёв••в•ӨР‘в•ӨРҹ",
    "image": "",
    "created_at": "2026-02-27T09:05:22.210Z",
    "is_read": true
  }
},
{
  "model": "market.message",
  "pk": 15,
  "fields": {
    "conversation": 2,
    "sender": [
      "user"
    ],
    "content": "в•Ёв•–в•Ёв–‘в•Ёв•Ўв•Ёв–’в•Ёв••в•ӨР‘в•ӨРң в•Ёв–’в•Ёв•—в•ӨРҹв•ӨР’в•ӨРң",
    "image": "",
    "created_at": "2026-02-27T10:22:29.181Z",
    "is_read": true
  }
},
{
  "model": "market.message",
  "pk": 16,
  "fields": {
    "conversation": 2,
    "sender": [
      "Louis"
    ],
    "content": "в•Ёв”җв•Ёв•ӣв•ӨРҳв•Ёв•Ўв•Ёв•— в•ӨР’в•ӨРӣ",
    "image": "",
    "created_at": "2026-02-27T10:23:36.031Z",
    "is_read": true
  }
},
{
  "model": "market.message",
  "pk": 17,
  "fields": {
    "conversation": 2,
    "sender": [
      "user"
    ],
    "content": "в•Ёв–‘в•ӨР“ в•Ёв–’в•Ёв•—в•ӨРҹв•ӨР’в•ӨРң",
    "image": "",
    "created_at": "2026-02-27T10:24:56.376Z",
    "is_read": true
  }
},
{
  "model": "market.message",
  "pk": 18,
  "fields": {
    "conversation": 3,
    "sender": [
      "louisrocket"
    ],
    "content": "в•ЁРҜв•ӨРҗв•Ёв•ӣв•Ёв”Өв•Ёв–‘в•ӨРЎв•ӨРҳв•ӨРң?",
    "image": "",
    "created_at": "2026-02-27T10:27:06.137Z",
    "is_read": true
  }
},
{
  "model": "market.message",
  "pk": 19,
  "fields": {
    "conversation": 3,
    "sender": [
      "louisrocket"
    ],
    "content": "в•Ёв–‘в•Ёв•—в•Ёв•ӣ в•ӨР•в•ӨР“в•Ёв•Ўв•Ёв”җв•ӨР“в•ӨР’в•Ёв–‘в•Ёв•—в•Ёв•ӣ",
    "image": "",
    "created_at": "2026-02-27T10:29:40.088Z",
    "is_read": true
  }
},
{
  "model": "market.message",
  "pk": 20,
  "fields": {
    "conversation": 2,
    "sender": [
      "user"
    ],
    "content": "в•Ёв”җв•Ёв••в•Ёв”Өв•Ёв•ӣв•ӨРҗ в•ӨРҗв•Ёв–‘в•Ёв–’в•Ёв•ӣв•ӨР’в•Ёв–‘в•Ёв•Ўв•ӨРҳв•ӨРң?",
    "image": "",
    "created_at": "2026-02-27T11:32:14.434Z",
    "is_read": true
  }
},
{
  "model": "market.message",
  "pk": 21,
  "fields": {
    "conversation": 4,
    "sender": [
      "Louis"
    ],
    "content": "в•ӨР—в•ӨРЎ в•ӨР’в•Ёв–‘в•Ёв•қ",
    "image": "",
    "created_at": "2026-02-27T12:08:25.360Z",
    "is_read": true
  }
},
{
  "model": "market.message",
  "pk": 22,
  "fields": {
    "conversation": 4,
    "sender": [
      "Louis"
    ],
    "content": "в•ӨР—в•ӨР’в•Ёв•ӣ в•ӨР’в•Ёв–‘в•Ёв•қ\\",
    "image": "",
    "created_at": "2026-02-27T13:09:13.931Z",
    "is_read": true
  }
},
{
  "model": "market.message",
  "pk": 23,
  "fields": {
    "conversation": 2,
    "sender": [
      "user"
    ],
    "content": "в•Ёв”Өв•Ёв–‘ в•Ёв–“в•ӨР‘в•Ёв•Ў в•Ёв•ӣв•Ёв•‘",
    "image": "",
    "created_at": "2026-02-27T13:09:45.542Z",
    "is_read": true
  }
},
{
  "model": "market.message",
  "pk": 24,
  "fields": {
    "conversation": 4,
    "sender": [
      "Louis"
    ],
    "content": "в•Ёв”җв•Ёв••в•Ёв”Өв•Ёв•ӣв•ӨРҗ",
    "image": "",
    "created_at": "2026-02-27T13:49:42.428Z",
    "is_read": true
  }
},
{
  "model": "market.message",
  "pk": 25,
  "fields": {
    "conversation": 5,
    "sender": [
      "Louis"
    ],
    "content": "в•Ёв”Өв•Ёв–‘ в•ӨР’в•ӨРӣ в•Ёв”җв•Ёв••в•Ёв•–в•Ёв”Өв•Ёв–‘в•ӨР’в•ӨРӣв•Ёв•Ј в•Ёв”җв•ӨРҗв•Ёв•ӣв•ӨР‘в•ӨР’в•Ёв•ӣ",
    "image": "",
    "created_at": "2026-02-27T13:58:55.657Z",
    "is_read": true
  }
},
{
  "model": "market.message",
  "pk": 26,
  "fields": {
    "conversation": 6,
    "sender": [
      "user"
    ],
    "content": "в•Ёв•ӣв•ӨРӣв•ӨРҗв•Ёв”җв•Ёв•—в•Ёв•ӣв•Ёв–“в•ӨРӣв•ӨРҗв•Ёв”җв•Ёв–“в•Ёв•—в•ӨРӣв•Ёв”Өв•ӨРҗв•Ёв”җ",
    "image": "",
    "created_at": "2026-02-27T14:29:04.604Z",
    "is_read": true
  }
},
{
  "model": "market.message",
  "pk": 27,
  "fields": {
    "conversation": 6,
    "sender": [
      "user"
    ],
    "content": "в•ӨРӣв•Ёв–“в•Ёв–‘в•ӨРӣв•Ёв–“в•Ёв–‘в•ӨРӣв•Ёв–“",
    "image": "",
    "created_at": "2026-02-27T14:29:44.483Z",
    "is_read": true
  }
},
{
  "model": "market.message",
  "pk": 28,
  "fields": {
    "conversation": 7,
    "sender": [
      "user"
    ],
    "content": "в•Ёв•ӣв•Ёв”Өв•Ёв–‘в•Ёв”җв•ӨРҗв•Ёв”Өв•Ёв–“в•Ёв–‘в•Ёв•—в•ӨРҗв•Ёв•ӣв•Ёв–“в•Ёв–‘в•Ёв”Ө",
    "image": "",
    "created_at": "2026-02-27T15:09:58.733Z",
    "is_read": true
  }
},
{
  "model": "market.message",
  "pk": 29,
  "fields": {
    "conversation": 1,
    "sender": [
      "user"
    ],
    "content": "в•ӨРҗв•Ёв–‘в•Ёв–’в•Ёв•ӣв•ӨР’в•Ёв–‘в•Ёв•Ўв•ӨР’?",
    "image": "",
    "created_at": "2026-03-02T08:09:58.267Z",
    "is_read": true
  }
},
{
  "model": "market.message",
  "pk": 30,
  "fields": {
    "conversation": 1,
    "sender": [
      "Louis"
    ],
    "content": "в•Ёв–“в•ӨРҗв•Ёв•ӣв•Ёв”Өв•Ёв•Ў",
    "image": "",
    "created_at": "2026-03-02T08:10:18.192Z",
    "is_read": true
  }
},
{
  "model": "market.message",
  "pk": 31,
  "fields": {
    "conversation": 1,
    "sender": [
      "user"
    ],
    "content": "",
    "image": "chat_images/image.png",
    "created_at": "2026-03-02T08:16:26.958Z",
    "is_read": true
  }
},
{
  "model": "market.message",
  "pk": 32,
  "fields": {
    "conversation": 1,
    "sender": [
      "Louis"
    ],
    "content": "РҒРҜРӨРөРҒРҜРЎРқРҒРҜРҙРӨРҒРҜРЁРқРҒРҜРЁРҡРҒРҜРЁРҷРҒРҜРЁР’РҒРҜРЁР‘РҒРҜРЁРҗ",
    "image": "",
    "created_at": "2026-03-02T08:27:58.745Z",
    "is_read": true
  }
},
{
  "model": "market.message",
  "pk": 33,
  "fields": {
    "conversation": 1,
    "sender": [
      "user"
    ],
    "content": "",
    "image": "chat_images/image_0fUF1qO.png",
    "created_at": "2026-03-02T09:07:56.002Z",
    "is_read": true
  }
},
{
  "model": "market.message",
  "pk": 34,
  "fields": {
    "conversation": 1,
    "sender": [
      "user"
    ],
    "content": "РҒРҜРЁРҗРҒРҜРЁРҗРҒРҜРЁРҗРҒРҜРЁРҗРҒРҜРЁРҗРҒРҜРЁРҗРҒРҜРЁРҗ",
    "image": "",
    "created_at": "2026-03-02T09:08:02.973Z",
    "is_read": true
  }
},
{
  "model": "market.message",
  "pk": 35,
  "fields": {
    "conversation": 2,
    "sender": [
      "user"
    ],
    "content": "в•Ёв–“в•ӨР‘в•Ёв•Ў в•ӨРҗв•Ёв–‘в•Ёв–’в•Ёв•ӣв•ӨР’в•Ёв–‘в•Ёв•Ўв•ӨР’?",
    "image": "",
    "created_at": "2026-03-02T12:02:32.464Z",
    "is_read": true
  }
},
{
  "model": "market.message",
  "pk": 36,
  "fields": {
    "conversation": 2,
    "sender": [
      "Louis"
    ],
    "content": "в•Ёв–“в•ӨРҗв•Ёв•ӣв•Ёв”Өв•Ёв•Ў в•Ёв”Өв•Ёв–‘",
    "image": "",
    "created_at": "2026-03-02T12:03:15.897Z",
    "is_read": true
  }
},
{
  "model": "market.message",
  "pk": 37,
  "fields": {
    "conversation": 2,
    "sender": [
      "Louis"
    ],
    "content": "РҒРҜРЁР’РҒРҜРЁР’РҒРҜРЁР’",
    "image": "",
    "created_at": "2026-03-02T12:03:22.397Z",
    "is_read": true
  }
},
{
  "model": "market.message",
  "pk": 38,
  "fields": {
    "conversation": 2,
    "sender": [
      "Louis"
    ],
    "content": "в•ӨР—в•ӨР’в•Ёв•ӣ в•ӨР’в•Ёв–‘в•Ёв•қ",
    "image": "",
    "created_at": "2026-03-02T13:05:24.844Z",
    "is_read": true
  }
},
{
  "model": "market.message",
  "pk": 39,
  "fields": {
    "conversation": 1,
    "sender": [
      "Louis"
    ],
    "content": "в•ӨР”в•Ёв”Ӯв•ӨРӣв•ӨРҗв•Ёв”җв•Ёв–‘в•Ёв•—в•ӨР”в•Ёв•ӣв•ӨРӣ\r\nв•Ёв”Өв•Ёв•—в•Ёв•ӣв•Ёв–‘в•ӨР”в•ӨРӣ",
    "image": "",
    "created_at": "2026-03-03T06:09:17.114Z",
    "is_read": true
  }
},
{
  "model": "market.message",
  "pk": 40,
  "fields": {
    "conversation": 1,
    "sender": [
      "Louis"
    ],
    "content": "",
    "image": "chat_images/image.png",
    "created_at": "2026-03-03T06:09:52.495Z",
    "is_read": true
  }
},
{
  "model": "market.message",
  "pk": 41,
  "fields": {
    "conversation": 1,
    "sender": [
      "Louis"
    ],
    "content": "в•ӨРҹв•ӨР—в•Ёв”Өв•Ёв•ӣв•ӨР‘в•Ёв•қв•Ёв•—в•ӨРҗв•ӨРҹв•ӨР—\r\n\r\nв•Ёв•ӣв•Ёв•қв•Ёв•—в•Ёв•ӣв•ӨР—в•ӨР‘в•Ёв•қ",
    "image": "",
    "created_at": "2026-03-03T06:11:37.770Z",
    "is_read": true
  }
},
{
  "model": "market.message",
  "pk": 42,
  "fields": {
    "conversation": 1,
    "sender": [
      "Louis"
    ],
    "content": "в•ӨР—в•ӨРЎ в•ӨР’в•Ёв–‘в•Ёв•қ",
    "image": "",
    "created_at": "2026-03-03T06:12:56.808Z",
    "is_read": true
  }
},
{
  "model": "market.message",
  "pk": 43,
  "fields": {
    "conversation": 1,
    "sender": [
      "Louis"
    ],
    "content": "в•Ёв•ӣв•Ёв”җв•Ёв”җв•Ёв–‘в•ӨР‘в•Ёв•—в•Ёв–“в•Ёв”җ",
    "image": "",
    "created_at": "2026-03-03T06:13:41.919Z",
    "is_read": true
  }
},
{
  "model": "market.message",
  "pk": 44,
  "fields": {
    "conversation": 1,
    "sender": [
      "user"
    ],
    "content": "в•Ёв–“в•Ёв–‘в•ӨР‘в•Ёв–‘в•Ёв”җ в•Ёв•қв•Ёв•Ўв•Ёв•ң",
    "image": "",
    "created_at": "2026-03-03T06:35:37.577Z",
    "is_read": true
  }
},
{
  "model": "market.message",
  "pk": 45,
  "fields": {
    "conversation": 1,
    "sender": [
      "user"
    ],
    "content": "в•ӨР—в•ӨР’в•Ёв•ӣ в•ӨР’в•Ёв–‘в•Ёв•қ",
    "image": "",
    "created_at": "2026-03-03T06:36:52.473Z",
    "is_read": true
  }
},
{
  "model": "market.message",
  "pk": 46,
  "fields": {
    "conversation": 1,
    "sender": [
      "user"
    ],
    "content": "в•Ёв–“в•Ёв•‘в•Ёв•Ўв•Ёв•Ў",
    "image": "",
    "created_at": "2026-03-03T06:38:23.980Z",
    "is_read": true
  }
},
{
  "model": "market.message",
  "pk": 47,
  "fields": {
    "conversation": 2,
    "sender": [
      "user"
    ],
    "content": "345345",
    "image": "",
    "created_at": "2026-03-03T06:39:18.603Z",
    "is_read": true
  }
},
{
  "model": "market.message",
  "pk": 48,
  "fields": {
    "conversation": 2,
    "sender": [
      "user"
    ],
    "content": "34545",
    "image": "",
    "created_at": "2026-03-03T06:42:16.992Z",
    "is_read": true
  }
},
{
  "model": "market.message",
  "pk": 49,
  "fields": {
    "conversation": 2,
    "sender": [
      "user"
    ],
    "content": "в•ӨР“в•Ёв–“в•Ёв–‘в•ӨРӣв•Ёв–“",
    "image": "",
    "created_at": "2026-03-03T06:42:19.203Z",
    "is_read": true
  }
},
{
  "model": "market.message",
  "pk": 50,
  "fields": {
    "conversation": 2,
    "sender": [
      "user"
    ],
    "content": "в•ӨРӣв•Ёв–“в•Ёв–‘в•ӨРӣв•Ёв–“в•Ёв–‘",
    "image": "",
    "created_at": "2026-03-03T06:42:20.704Z",
    "is_read": true
  }
},
{
  "model": "market.message",
  "pk": 51,
  "fields": {
    "conversation": 2,
    "sender": [
      "user"
    ],
    "content": "123",
    "image": "",
    "created_at": "2026-03-03T06:46:23.840Z",
    "is_read": true
  }
},
{
  "model": "market.message",
  "pk": 52,
  "fields": {
    "conversation": 2,
    "sender": [
      "user"
    ],
    "content": "123",
    "image": "",
    "created_at": "2026-03-03T06:46:26.270Z",
    "is_read": true
  }
},
{
  "model": "market.message",
  "pk": 53,
  "fields": {
    "conversation": 2,
    "sender": [
      "user"
    ],
    "content": "в•ӨРҗв•ӨРӣв•Ёв–“в•Ёв”җв•Ёв–‘в•Ёв•қв•Ёв”җв•Ёв–‘",
    "image": "",
    "created_at": "2026-03-03T06:46:54.878Z",
    "is_read": true
  }
},
{
  "model": "market.message",
  "pk": 54,
  "fields": {
    "conversation": 1,
    "sender": [
      "Louis"
    ],
    "content": "в•Ёв•ӣв•Ёв•—в•ӨРӣв•Ёв–“в•ӨРҗв•Ёв”җв•Ёв•—в•ӨРӣв•Ёв•ӣв•Ёв–“",
    "image": "",
    "created_at": "2026-03-03T06:48:23.629Z",
    "is_read": true
  }
},
{
  "model": "market.message",
  "pk": 55,
  "fields": {
    "conversation": 1,
    "sender": [
      "Louis"
    ],
    "content": "в•Ёв•ӣв•ӨРҗв•Ёв”җв•ӨРӣв•Ёв–“в•Ёв•ӣв•Ёв–‘в•Ёв”җ",
    "image": "",
    "created_at": "2026-03-03T06:52:24.843Z",
    "is_read": true
  }
},
{
  "model": "market.message",
  "pk": 56,
  "fields": {
    "conversation": 1,
    "sender": [
      "Louis"
    ],
    "content": "в•ӨРӣв•ӨРҗв•Ёв–“в•Ёв”җв•Ёв–‘в•ӨРӣв•Ёв–“в•ӨРҗв•Ёв–‘в•ӨРҗ",
    "image": "",
    "created_at": "2026-03-03T06:52:25.956Z",
    "is_read": true
  }
},
{
  "model": "market.message",
  "pk": 57,
  "fields": {
    "conversation": 1,
    "sender": [
      "Louis"
    ],
    "content": "в•Ёв–“в•Ёв•ӣв•Ёв–‘в•ӨРҗв•ӨРӣв•Ёв–“в•Ёв•—в•Ёв•ӣв•Ёв–‘в•ӨРҗ",
    "image": "",
    "created_at": "2026-03-03T06:52:26.940Z",
    "is_read": true
  }
},
{
  "model": "market.message",
  "pk": 58,
  "fields": {
    "conversation": 1,
    "sender": [
      "Louis"
    ],
    "content": "в•ӨРӣв•Ёв–“в•Ёв•—в•Ёв•ӣв•Ёв–‘в•ӨРҗв•ӨРӣв•Ёв–“в•Ёв•—в•Ёв•ӣв•Ёв–‘в•ӨРҗ",
    "image": "",
    "created_at": "2026-03-03T06:52:27.878Z",
    "is_read": true
  }
},
{
  "model": "market.message",
  "pk": 59,
  "fields": {
    "conversation": 1,
    "sender": [
      "Louis"
    ],
    "content": "в•Ёв•ӣв•Ёв•—в•ӨРҗв•Ёв–‘в•Ёв•—в•Ёв•ӣв•ӨРӣв•Ёв–“в•ӨРҗв•Ёв–‘в•Ёв•—в•Ёв•ӣв•Ёв–“в•ӨРҗв•ӨРӣв•Ёв–‘",
    "image": "",
    "created_at": "2026-03-03T06:52:41.185Z",
    "is_read": true
  }
},
{
  "model": "market.message",
  "pk": 60,
  "fields": {
    "conversation": 1,
    "sender": [
      "Louis"
    ],
    "content": "в•Ёв–“в•ӨРӣв•Ёв–‘в•Ёв”Өв•Ёв•—в•ӨРӣв•Ёв–“в•Ёв”Өв•Ёв–‘в•Ёв•ӣв•ӨРқв•ӨРӣв•Ёв–“в•Ёв–‘в•Ёв–“в•Ёв–‘",
    "image": "",
    "created_at": "2026-03-03T06:52:41.995Z",
    "is_read": true
  }
},
{
  "model": "market.message",
  "pk": 61,
  "fields": {
    "conversation": 1,
    "sender": [
      "Louis"
    ],
    "content": "в•ӨРӣв•Ёв–“",
    "image": "",
    "created_at": "2026-03-03T06:52:42.134Z",
    "is_read": true
  }
},
{
  "model": "market.message",
  "pk": 62,
  "fields": {
    "conversation": 1,
    "sender": [
      "Louis"
    ],
    "content": "в•Ёв–‘в•ӨРӣв•Ёв–“",
    "image": "",
    "created_at": "2026-03-03T06:52:42.283Z",
    "is_read": true
  }
},
{
  "model": "market.message",
  "pk": 63,
  "fields": {
    "conversation": 1,
    "sender": [
      "Louis"
    ],
    "content": "в•Ёв–‘",
    "image": "",
    "created_at": "2026-03-03T06:52:42.414Z",
    "is_read": true
  }
},
{
  "model": "market.message",
  "pk": 64,
  "fields": {
    "conversation": 1,
    "sender": [
      "Louis"
    ],
    "content": "в•Ёв–“в•Ёв–‘",
    "image": "",
    "created_at": "2026-03-03T06:52:42.566Z",
    "is_read": true
  }
},
{
  "model": "market.message",
  "pk": 65,
  "fields": {
    "conversation": 1,
    "sender": [
      "Louis"
    ],
    "content": "в•ӨРӣв•Ёв–“в•Ёв–‘",
    "image": "",
    "created_at": "2026-03-03T06:52:42.814Z",
    "is_read": true
  }
},
{
  "model": "market.message",
  "pk": 66,
  "fields": {
    "conversation": 1,
    "sender": [
      "Louis"
    ],
    "content": "в•ӨРӣв•Ёв–“в•Ёв–‘",
    "image": "",
    "created_at": "2026-03-03T06:52:42.943Z",
    "is_read": true
  }
},
{
  "model": "market.message",
  "pk": 67,
  "fields": {
    "conversation": 1,
    "sender": [
      "Louis"
    ],
    "content": "в•ӨРӣв•Ёв–“",
    "image": "",
    "created_at": "2026-03-03T06:52:43.058Z",
    "is_read": true
  }
},
{
  "model": "market.message",
  "pk": 68,
  "fields": {
    "conversation": 1,
    "sender": [
      "Louis"
    ],
    "content": "в•Ёв–‘",
    "image": "",
    "created_at": "2026-03-03T06:52:43.190Z",
    "is_read": true
  }
},
{
  "model": "market.message",
  "pk": 69,
  "fields": {
    "conversation": 1,
    "sender": [
      "Louis"
    ],
    "content": "в•Ёв–“в•ӨРӣв•Ёв–‘",
    "image": "",
    "created_at": "2026-03-03T06:52:43.330Z",
    "is_read": true
  }
},
{
  "model": "market.message",
  "pk": 70,
  "fields": {
    "conversation": 1,
    "sender": [
      "Louis"
    ],
    "content": "в•ӨРӣв•Ёв–“",
    "image": "",
    "created_at": "2026-03-03T06:52:43.592Z",
    "is_read": true
  }
},
{
  "model": "market.message",
  "pk": 71,
  "fields": {
    "conversation": 1,
    "sender": [
      "user"
    ],
    "content": "в•Ёв•ңв•Ёв–“в•ӨРӣв•Ёв”җв•Ёв–‘в•Ёв•ӣв•ӨРҗв•Ёв–“в•Ёв”җв•Ёв–‘в•ӨРӣв•Ёв–“в•ӨРҡв•ӨРҡ",
    "image": "",
    "created_at": "2026-03-03T06:54:59.243Z",
    "is_read": true
  }
},
{
  "model": "market.message",
  "pk": 72,
  "fields": {
    "conversation": 1,
    "sender": [
      "user"
    ],
    "content": "в•Ёв–“в•ӨРӣв•Ёв–‘в•ӨРӣв•Ёв–“",
    "image": "",
    "created_at": "2026-03-03T06:54:59.851Z",
    "is_read": true
  }
},
{
  "model": "market.message",
  "pk": 73,
  "fields": {
    "conversation": 1,
    "sender": [
      "user"
    ],
    "content": "в•Ёв–‘в•ӨРӣв•Ёв–“",
    "image": "",
    "created_at": "2026-03-03T06:55:00.074Z",
    "is_read": true
  }
},
{
  "model": "market.message",
  "pk": 74,
  "fields": {
    "conversation": 1,
    "sender": [
      "user"
    ],
    "content": "в•Ёв–‘",
    "image": "",
    "created_at": "2026-03-03T06:55:00.234Z",
    "is_read": true
  }
},
{
  "model": "market.message",
  "pk": 75,
  "fields": {
    "conversation": 1,
    "sender": [
      "user"
    ],
    "content": "в•Ёв–“в•Ёв–‘",
    "image": "",
    "created_at": "2026-03-03T06:55:00.391Z",
    "is_read": true
  }
},
{
  "model": "market.message",
  "pk": 76,
  "fields": {
    "conversation": 1,
    "sender": [
      "user"
    ],
    "content": "в•Ёв–“в•ӨРӣ",
    "image": "",
    "created_at": "2026-03-03T06:55:00.542Z",
    "is_read": true
  }
},
{
  "model": "market.message",
  "pk": 77,
  "fields": {
    "conversation": 1,
    "sender": [
      "user"
    ],
    "content": "в•Ёв–‘",
    "image": "",
    "created_at": "2026-03-03T06:55:00.695Z",
    "is_read": true
  }
},
{
  "model": "market.message",
  "pk": 78,
  "fields": {
    "conversation": 1,
    "sender": [
      "user"
    ],
    "content": "в•ӨРӣв•Ёв–“в•Ёв–‘",
    "image": "",
    "created_at": "2026-03-03T06:55:00.859Z",
    "is_read": true
  }
},
{
  "model": "market.message",
  "pk": 79,
  "fields": {
    "conversation": 1,
    "sender": [
      "user"
    ],
    "content": "в•ӨРӣв•Ёв–“",
    "image": "",
    "created_at": "2026-03-03T06:55:01.011Z",
    "is_read": true
  }
},
{
  "model": "market.message",
  "pk": 80,
  "fields": {
    "conversation": 1,
    "sender": [
      "user"
    ],
    "content": "в•Ёв–‘",
    "image": "",
    "created_at": "2026-03-03T06:55:01.151Z",
    "is_read": true
  }
},
{
  "model": "market.message",
  "pk": 81,
  "fields": {
    "conversation": 1,
    "sender": [
      "user"
    ],
    "content": "в•ӨРӣв•Ёв–“",
    "image": "",
    "created_at": "2026-03-03T06:55:01.300Z",
    "is_read": true
  }
},
{
  "model": "market.message",
  "pk": 82,
  "fields": {
    "conversation": 1,
    "sender": [
      "user"
    ],
    "content": "в•Ёв–‘",
    "image": "",
    "created_at": "2026-03-03T06:55:01.442Z",
    "is_read": true
  }
},
{
  "model": "market.message",
  "pk": 83,
  "fields": {
    "conversation": 1,
    "sender": [
      "user"
    ],
    "content": "в•ӨРӣв•Ёв–“",
    "image": "",
    "created_at": "2026-03-03T06:55:01.597Z",
    "is_read": true
  }
},
{
  "model": "market.message",
  "pk": 84,
  "fields": {
    "conversation": 1,
    "sender": [
      "user"
    ],
    "content": "в•Ёв–‘",
    "image": "",
    "created_at": "2026-03-03T06:55:01.745Z",
    "is_read": true
  }
},
{
  "model": "market.message",
  "pk": 85,
  "fields": {
    "conversation": 1,
    "sender": [
      "user"
    ],
    "content": "в•ӨРӣв•Ёв–“",
    "image": "",
    "created_at": "2026-03-03T06:55:01.893Z",
    "is_read": true
  }
},
{
  "model": "market.message",
  "pk": 86,
  "fields": {
    "conversation": 1,
    "sender": [
      "user"
    ],
    "content": "в•Ёв–‘",
    "image": "",
    "created_at": "2026-03-03T06:55:02.034Z",
    "is_read": true
  }
},
{
  "model": "market.message",
  "pk": 87,
  "fields": {
    "conversation": 1,
    "sender": [
      "user"
    ],
    "content": "в•Ёв–“в•Ёв–‘",
    "image": "",
    "created_at": "2026-03-03T06:55:02.177Z",
    "is_read": true
  }
},
{
  "model": "market.message",
  "pk": 88,
  "fields": {
    "conversation": 1,
    "sender": [
      "user"
    ],
    "content": "в•ӨРӣ",
    "image": "",
    "created_at": "2026-03-03T06:55:02.321Z",
    "is_read": true
  }
},
{
  "model": "market.message",
  "pk": 89,
  "fields": {
    "conversation": 1,
    "sender": [
      "user"
    ],
    "content": "в•Ёв–‘",
    "image": "",
    "created_at": "2026-03-03T06:55:02.461Z",
    "is_read": true
  }
},
{
  "model": "market.message",
  "pk": 90,
  "fields": {
    "conversation": 1,
    "sender": [
      "user"
    ],
    "content": "в•ӨРӣв•Ёв–“",
    "image": "",
    "created_at": "2026-03-03T06:55:02.613Z",
    "is_read": true
  }
},
{
  "model": "market.message",
  "pk": 91,
  "fields": {
    "conversation": 1,
    "sender": [
      "user"
    ],
    "content": "в•Ёв–‘",
    "image": "",
    "created_at": "2026-03-03T06:55:03.881Z",
    "is_read": true
  }
},
{
  "model": "market.message",
  "pk": 92,
  "fields": {
    "conversation": 1,
    "sender": [
      "user"
    ],
    "content": "в•Ёв–“в•ӨРӣв•Ёв–‘в•ӨРӣв•Ёв–“в•Ёв–‘",
    "image": "",
    "created_at": "2026-03-03T06:55:59.256Z",
    "is_read": true
  }
},
{
  "model": "market.message",
  "pk": 93,
  "fields": {
    "conversation": 1,
    "sender": [
      "user"
    ],
    "content": "в•ӨРӣв•Ёв–“в•Ёв–‘в•ӨРӣв•Ёв–“в•Ёв–‘",
    "image": "",
    "created_at": "2026-03-03T06:56:01.048Z",
    "is_read": true
  }
},
{
  "model": "market.message",
  "pk": 94,
  "fields": {
    "conversation": 1,
    "sender": [
      "user"
    ],
    "content": "в•ӨРӣв•Ёв–“в•Ёв–‘",
    "image": "",
    "created_at": "2026-03-03T06:56:02.187Z",
    "is_read": true
  }
},
{
  "model": "market.message",
  "pk": 95,
  "fields": {
    "conversation": 1,
    "sender": [
      "user"
    ],
    "content": "в•Ёв–‘",
    "image": "",
    "created_at": "2026-03-03T06:56:02.380Z",
    "is_read": true
  }
},
{
  "model": "market.message",
  "pk": 96,
  "fields": {
    "conversation": 1,
    "sender": [
      "user"
    ],
    "content": "в•ӨРӣв•Ёв–“в•Ёв–‘в•ӨРӣв•Ёв–“в•Ёв–‘в•ӨРӣв•Ёв–“в•Ёв–‘в•ӨРӣв•Ёв–“в•Ёв–‘в•ӨРӣв•Ёв–“в•Ёв–‘в•ӨРӣв•Ёв–“в•Ёв–‘в•ӨРӣв•Ёв–“в•Ёв–‘в•ӨРӣв•Ёв–“в•Ёв–‘в•ӨРӣв•Ёв–“в•Ёв–‘в•ӨРӣв•Ёв–“в•Ёв–‘в•ӨРӣв•Ёв–“в•Ёв–‘в•ӨРӣв•Ёв–“в•Ёв–‘в•ӨРӣв•Ёв–“в•Ёв–‘в•Ёв•ӣв•ӨРҗв•Ёв”җв•Ёв•ӣв•ӨРҗ",
    "image": "",
    "created_at": "2026-03-03T06:56:07.626Z",
    "is_read": true
  }
},
{
  "model": "market.message",
  "pk": 97,
  "fields": {
    "conversation": 1,
    "sender": [
      "user"
    ],
    "content": "в•ӨРӣв•Ёв–“в•Ёв–‘в•Ёв•—в•Ёв•ӣв•ӨРӣв•Ёв–“в•Ёв–‘в•Ёв•—в•ӨРӣв•Ёв–“",
    "image": "",
    "created_at": "2026-03-03T06:56:08.927Z",
    "is_read": true
  }
},
{
  "model": "market.message",
  "pk": 98,
  "fields": {
    "conversation": 1,
    "sender": [
      "user"
    ],
    "content": "в•ӨРӣв•Ёв–“в•Ёв–‘",
    "image": "",
    "created_at": "2026-03-03T06:56:09.225Z",
    "is_read": true
  }
},
{
  "model": "market.message",
  "pk": 99,
  "fields": {
    "conversation": 1,
    "sender": [
      "user"
    ],
    "content": "в•ӨРӣв•Ёв–“в•Ёв–‘в•ӨРӣв•Ёв–“в•Ёв–‘в•ӨРӣв•Ёв–“в•Ёв–‘в•ӨРӣв•Ёв–“в•Ёв–‘в•ӨРӣв•Ёв–“в•Ёв–‘в•Ёв–“в•ӨРӣв•Ёв–‘в•ӨРӣв•Ёв–“в•Ёв–‘",
    "image": "",
    "created_at": "2026-03-03T06:56:15.505Z",
    "is_read": true
  }
},
{
  "model": "market.message",
  "pk": 100,
  "fields": {
    "conversation": 1,
    "sender": [
      "user"
    ],
    "content": "в•ӨРӣв•Ёв–“в•Ёв–‘в•ӨРӣв•Ёв–“в•Ёв–‘",
    "image": "",
    "created_at": "2026-03-03T06:56:52.607Z",
    "is_read": true
  }
},
{
  "model": "market.message",
  "pk": 101,
  "fields": {
    "conversation": 1,
    "sender": [
      "user"
    ],
    "content": "в•ӨРӣв•Ёв–“в•Ёв–‘",
    "image": "",
    "created_at": "2026-03-03T06:56:52.793Z",
    "is_read": true
  }
},
{
  "model": "market.message",
  "pk": 102,
  "fields": {
    "conversation": 1,
    "sender": [
      "user"
    ],
    "content": "в•ӨРӣв•Ёв–“в•Ёв–‘в•Ёв•—в•Ёв”Өв•Ёв–“в•Ёв•ӣв•Ёв–‘",
    "image": "",
    "created_at": "2026-03-03T06:57:36.071Z",
    "is_read": true
  }
},
{
  "model": "market.message",
  "pk": 103,
  "fields": {
    "conversation": 1,
    "sender": [
      "user"
    ],
    "content": "в•ӨРӣв•Ёв–“",
    "image": "",
    "created_at": "2026-03-03T06:57:36.230Z",
    "is_read": true
  }
},
{
  "model": "market.message",
  "pk": 104,
  "fields": {
    "conversation": 1,
    "sender": [
      "user"
    ],
    "content": "в•ӨРӣв•Ёв–“в•Ёв–‘в•Ёв–“в•ӨРӣв•Ёв–‘в•Ёв–“в•ӨРӣв•Ёв–‘в•Ёв–“в•ӨРӣв•Ёв–‘в•Ёв–“в•Ёв–‘",
    "image": "",
    "created_at": "2026-03-03T06:57:43.127Z",
    "is_read": true
  }
},
{
  "model": "market.message",
  "pk": 105,
  "fields": {
    "conversation": 1,
    "sender": [
      "Louis"
    ],
    "content": "в•ӨР“в•Ёв”Ӯв•Ёв”җв•ӨРҗв•Ёв–“в•Ёв–‘в•Ёв”Өв•ӨРҗв•Ёв”җ",
    "image": "",
    "created_at": "2026-03-03T07:27:51.398Z",
    "is_read": true
  }
},
{
  "model": "market.message",
  "pk": 106,
  "fields": {
    "conversation": 1,
    "sender": [
      "Louis"
    ],
    "content": "в•Ёв•—в•Ёв”Өв•Ёв”җв•Ёв–“в•Ёв–‘в•Ёв”Өв•Ёв•—в•Ёв”җ",
    "image": "",
    "created_at": "2026-03-03T07:27:52.290Z",
    "is_read": true
  }
},
{
  "model": "market.message",
  "pk": 107,
  "fields": {
    "conversation": 1,
    "sender": [
      "Louis"
    ],
    "content": "в•Ёв–“в•Ёв–‘в•Ёв”җ",
    "image": "",
    "created_at": "2026-03-03T07:27:52.636Z",
    "is_read": true
  }
},
{
  "model": "market.message",
  "pk": 108,
  "fields": {
    "conversation": 1,
    "sender": [
      "Louis"
    ],
    "content": "в•Ёв–“в•Ёв–‘в•Ёв”җ",
    "image": "",
    "created_at": "2026-03-03T07:27:52.828Z",
    "is_read": true
  }
},
{
  "model": "market.message",
  "pk": 109,
  "fields": {
    "conversation": 13,
    "sender": [
      "user"
    ],
    "content": "jhsdghghsd\r\nkjghgh",
    "image": "",
    "created_at": "2026-03-06T07:23:50.153Z",
    "is_read": true
  }
},
{
  "model": "market.message",
  "pk": 110,
  "fields": {
    "conversation": 13,
    "sender": [
      "user"
    ],
    "content": "dfkghlfdgjfd",
    "image": "",
    "created_at": "2026-03-06T07:24:21.491Z",
    "is_read": true
  }
},
{
  "model": "market.message",
  "pk": 111,
  "fields": {
    "conversation": 13,
    "sender": [
      "user"
    ],
    "content": "fgfgkfd",
    "image": "",
    "created_at": "2026-03-06T07:24:22.324Z",
    "is_read": true
  }
},
{
  "model": "market.message",
  "pk": 112,
  "fields": {
    "conversation": 13,
    "sender": [
      "user"
    ],
    "content": "dlfkgflkgjf",
    "image": "",
    "created_at": "2026-03-06T07:24:23.153Z",
    "is_read": true
  }
},
{
  "model": "market.message",
  "pk": 113,
  "fields": {
    "conversation": 13,
    "sender": [
      "user"
    ],
    "content": "dfgfd,gf",
    "image": "",
    "created_at": "2026-03-06T07:24:24.033Z",
    "is_read": true
  }
},
{
  "model": "market.message",
  "pk": 114,
  "fields": {
    "conversation": 13,
    "sender": [
      "user"
    ],
    "content": "",
    "image": "chat_images/ChatGPT_Image_6_в•Ёв•қв•Ёв–‘в•ӨРҗ._2026_в•Ёв”Ӯ._12_11_04-gigapixel-standard_v2-6x.png",
    "created_at": "2026-03-06T07:24:39.350Z",
    "is_read": true
  }
},
{
  "model": "market.message",
  "pk": 115,
  "fields": {
    "conversation": 13,
    "sender": [
      "user"
    ],
    "content": "",
    "image": "chat_images/ChatGPT_Image_6_в•Ёв•қв•Ёв–‘в•ӨРҗ_vEbkEcv._2026_в•Ёв”Ӯ._12_11_04-gigapixel-standard_v2-6x.png",
    "created_at": "2026-03-06T07:24:41.826Z",
    "is_read": true
  }
},
{
  "model": "market.message",
  "pk": 116,
  "fields": {
    "conversation": 13,
    "sender": [
      "user"
    ],
    "content": "в•ӨР–345в•ӨР“в•Ёв•‘в•Ёв•Ў",
    "image": "",
    "created_at": "2026-03-11T13:42:53.055Z",
    "is_read": true
  }
},
{
  "model": "market.message",
  "pk": 117,
  "fields": {
    "conversation": 13,
    "sender": [
      "user"
    ],
    "content": "в•ӨР“в•Ёв•‘в•Ёв•ңв•ӨР“в•Ёв•‘в•Ёв•қв•Ёв••",
    "image": "",
    "created_at": "2026-03-11T13:42:58.812Z",
    "is_read": true
  }
},
{
  "model": "market.message",
  "pk": 118,
  "fields": {
    "conversation": 13,
    "sender": [
      "user"
    ],
    "content": "в•Ёв–‘в•Ёв”җв•Ёв••в•ӨР’",
    "image": "",
    "created_at": "2026-03-11T13:43:13.587Z",
    "is_read": true
  }
},
{
  "model": "market.message",
  "pk": 119,
  "fields": {
    "conversation": 1,
    "sender": [
      "user"
    ],
    "content": "в•Ёв–‘в•ӨРҗв•Ёв”җв•ӨР’в•Ёв–‘в•Ёв”җв•ӨРқ",
    "image": "",
    "created_at": "2026-03-11T13:44:57.854Z",
    "is_read": true
  }
},
{
  "model": "market.message",
  "pk": 120,
  "fields": {
    "conversation": 1,
    "sender": [
      "user"
    ],
    "content": "в•ӨРӣв•Ёв•ӣв•Ёв”җв•ӨРӣв•Ёв–“в•Ёв–‘в•Ёв”җ",
    "image": "",
    "created_at": "2026-03-11T13:44:58.777Z",
    "is_read": true
  }
},
{
  "model": "market.message",
  "pk": 121,
  "fields": {
    "conversation": 1,
    "sender": [
      "user"
    ],
    "content": "в•ӨР”в•ӨРӣв•Ёв•—в•Ёв•ӣв•Ёв–‘в•Ёв–“в•Ёв”җв•ӨРҗв•Ёв–‘в•Ёв•ӣв•Ёв•—в•Ёв”җв•ӨРҗ",
    "image": "",
    "created_at": "2026-03-11T13:44:59.706Z",
    "is_read": true
  }
},
{
  "model": "market.message",
  "pk": 122,
  "fields": {
    "conversation": 1,
    "sender": [
      "user"
    ],
    "content": "в•ӨР”в•Ёв–‘в•Ёв•—в•Ёв•ӣв•Ёв”җв•ӨРҗв•Ёв–“в•Ёв–‘в•Ёв”Өв•Ёв”җ",
    "image": "",
    "created_at": "2026-03-11T13:45:00.621Z",
    "is_read": true
  }
},
{
  "model": "market.message",
  "pk": 123,
  "fields": {
    "conversation": 13,
    "sender": [
      "user"
    ],
    "content": "в•ӨРӣв•Ёв–“в•Ёв–‘в•Ёв•ӣв•Ёв”җв•ӨРҗв•Ёв”Өв•Ёв–‘",
    "image": "",
    "created_at": "2026-03-11T14:12:26.325Z",
    "is_read": true
  }
},
{
  "model": "market.message",
  "pk": 124,
  "fields": {
    "conversation": 13,
    "sender": [
      "user"
    ],
    "content": "в•Ёв–“в•Ёв–‘в•ӨР”в•Ёв”җв•Ёв–“в•Ёв–‘в•Ёв”җ",
    "image": "",
    "created_at": "2026-03-11T14:12:27.912Z",
    "is_read": true
  }
},
{
  "model": "market.message",
  "pk": 125,
  "fields": {
    "conversation": 13,
    "sender": [
      "user"
    ],
    "content": "в•Ёв”җв•Ёв–“в•Ёв–‘в•Ёв”җ",
    "image": "",
    "created_at": "2026-03-11T14:12:29.206Z",
    "is_read": true
  }
},
{
  "model": "market.message",
  "pk": 126,
  "fields": {
    "conversation": 14,
    "sender": [
      "Louis"
    ],
    "content": "sdfsdfsdf",
    "image": "",
    "created_at": "2026-03-11T14:51:14.559Z",
    "is_read": true
  }
},
{
  "model": "market.message",
  "pk": 127,
  "fields": {
    "conversation": 14,
    "sender": [
      "Louis"
    ],
    "content": "sdfsdfds\r\nsdf\r\ndf",
    "image": "",
    "created_at": "2026-03-11T14:51:18.053Z",
    "is_read": true
  }
},
{
  "model": "market.message",
  "pk": 128,
  "fields": {
    "conversation": 14,
    "sender": [
      "Louis"
    ],
    "content": "sdfdsf",
    "image": "",
    "created_at": "2026-03-11T14:51:19.771Z",
    "is_read": true
  }
},
{
  "model": "market.message",
  "pk": 129,
  "fields": {
    "conversation": 14,
    "sender": [
      "Louis"
    ],
    "content": "dsfdsf",
    "image": "",
    "created_at": "2026-03-11T14:51:22.431Z",
    "is_read": true
  }
},
{
  "model": "market.message",
  "pk": 130,
  "fields": {
    "conversation": 14,
    "sender": [
      "Louis"
    ],
    "content": "dsfdsf",
    "image": "",
    "created_at": "2026-03-11T14:51:23.828Z",
    "is_read": true
  }
},
{
  "model": "market.message",
  "pk": 131,
  "fields": {
    "conversation": 14,
    "sender": [
      "Louis"
    ],
    "content": "sdfdsf",
    "image": "",
    "created_at": "2026-03-11T14:51:25.273Z",
    "is_read": true
  }
},
{
  "model": "market.message",
  "pk": 132,
  "fields": {
    "conversation": 14,
    "sender": [
      "Louis"
    ],
    "content": "sdfsdf",
    "image": "",
    "created_at": "2026-03-11T14:51:26.966Z",
    "is_read": true
  }
},
{
  "model": "market.message",
  "pk": 133,
  "fields": {
    "conversation": 14,
    "sender": [
      "Louis"
    ],
    "content": "sdfsdf",
    "image": "",
    "created_at": "2026-03-11T14:51:28.753Z",
    "is_read": true
  }
},
{
  "model": "market.message",
  "pk": 134,
  "fields": {
    "conversation": 14,
    "sender": [
      "user"
    ],
    "content": "в•Ёв•ңв•ӨР“ в•ӨР•в•ӨР“в•Ёв•—в•Ёв•• в•Ёв”Өв•Ёв•Ўв•Ёв•—в•Ёв–‘в•ӨР’в•ӨРң",
    "image": "",
    "created_at": "2026-03-11T14:57:22.851Z",
    "is_read": true
  }
},
{
  "model": "market.message",
  "pk": 135,
  "fields": {
    "conversation": 15,
    "sender": [
      "Louis"
    ],
    "content": "в•Ёв”Өв•Ёв–‘ в•Ёв–’в•Ёв•—в•ӨРҹв•ӨР’в•ӨРң в•ӨР—в•ӨР’в•Ёв•ӣ в•ӨР’в•Ёв–‘в•Ёв•қ",
    "image": "",
    "created_at": "2026-03-11T15:04:39.702Z",
    "is_read": true
  }
},
{
  "model": "market.message",
  "pk": 136,
  "fields": {
    "conversation": 15,
    "sender": [
      "Louis"
    ],
    "content": "в•Ёв–‘ в•ӨР‘в•Ёв•‘в•Ёв•ӣв•Ёв•—в•ӨРңв•Ёв•‘в•Ёв•ӣ в•Ёв”җв•Ёв••в•ӨР‘в•Ёв–‘в•ӨР’в•ӨРң",
    "image": "",
    "created_at": "2026-03-11T15:04:46.357Z",
    "is_read": true
  }
},
{
  "model": "market.message",
  "pk": 137,
  "fields": {
    "conversation": 15,
    "sender": [
      "Louis"
    ],
    "content": "в•ӨР—в•Ёв•ңв•Ёв•ӣв•Ёв”Ӯв•Ёв•ӣ в•Ёв”җв•Ёв••в•ӨР‘в•Ёв–‘в•ӨР’в•ӨРң",
    "image": "",
    "created_at": "2026-03-11T15:04:52.349Z",
    "is_read": true
  }
},
{
  "model": "market.message",
  "pk": 138,
  "fields": {
    "conversation": 15,
    "sender": [
      "Louis"
    ],
    "content": "в•Ёв•ңв•Ёв–‘в•Ёв–“в•Ёв•Ўв•ӨРҗв•Ёв•ңв•Ёв•ӣв•Ёв•Ў в•Ёв”Өв•Ёв–‘",
    "image": "",
    "created_at": "2026-03-11T15:04:56.936Z",
    "is_read": true
  }
},
{
  "model": "market.message",
  "pk": 139,
  "fields": {
    "conversation": 13,
    "sender": [
      "user"
    ],
    "content": "в•Ёв•ӣв•ӨРӣв•Ёв–“в•Ёв•—в•Ёв–“в•ӨРӣв•ӨРҗв•Ёв–‘",
    "image": "",
    "created_at": "2026-03-11T15:11:16.807Z",
    "is_read": true
  }
},
{
  "model": "market.message",
  "pk": 140,
  "fields": {
    "conversation": 13,
    "sender": [
      "user"
    ],
    "content": "в•ӨРӣв•Ёв–“в•Ёв–‘в•Ёв•—в•Ёв–“в•Ёв•ӣв•Ёв–‘",
    "image": "",
    "created_at": "2026-03-11T15:11:18.582Z",
    "is_read": true
  }
},
{
  "model": "market.message",
  "pk": 141,
  "fields": {
    "conversation": 13,
    "sender": [
      "user"
    ],
    "content": "в•ӨРӣв•Ёв–“в•Ёв”Өв•Ёв•—в•Ёв–‘в•Ёв•ӣв•Ёв–“в•Ёв”Өв•ӨРӣв•Ёв•—в•Ёв–‘",
    "image": "",
    "created_at": "2026-03-11T15:11:20.083Z",
    "is_read": true
  }
},
{
  "model": "market.message",
  "pk": 142,
  "fields": {
    "conversation": 13,
    "sender": [
      "user"
    ],
    "content": "в•Ёв•ӣв•Ёв•‘ в•Ёв•‘в•Ёв–‘в•Ёв•‘ в•ӨР‘в•Ёв•‘в•Ёв–‘в•Ёв•ўв•Ёв•Ўв•ӨРҳв•ӨРң",
    "image": "",
    "created_at": "2026-03-11T15:16:15.453Z",
    "is_read": true
  }
},
{
  "model": "market.message",
  "pk": 143,
  "fields": {
    "conversation": 14,
    "sender": [
      "Louis"
    ],
    "content": "",
    "image": "chat_images/0028336_600.jpeg",
    "created_at": "2026-03-11T15:17:16.642Z",
    "is_read": true
  }
},
{
  "model": "market.message",
  "pk": 144,
  "fields": {
    "conversation": 15,
    "sender": [
      "Louis"
    ],
    "content": "РҒРҜР«Рў в•ЁРҜв•Ёв•ӣв•Ёв•‘в•ӨР“в•Ёв”җв•Ёв–‘в•ӨРһ 20 в•ӨРҳв•ӨР’. в•Ёв”җв•Ёв•ӣ 1 232 131 231 AUEC. в•ЁР®в•Ёв•ўв•Ёв••в•Ёв”Өв•Ёв–‘в•ӨРһ в•Ёв”җв•Ёв•ӣв•Ёв”Өв•ӨР’в•Ёв–“в•Ёв•Ўв•ӨРҗв•Ёв•ўв•Ёв”Өв•Ёв•Ўв•Ёв•ңв•Ёв••в•ӨРҹ в•Ёв”җв•ӨРҗв•Ёв•ӣв•Ёв”Өв•Ёв–‘в•Ёв–“в•ӨР–в•Ёв–‘.",
    "image": "",
    "created_at": "2026-03-11T15:31:48.335Z",
    "is_read": true
  }
},
{
  "model": "market.message",
  "pk": 145,
  "fields": {
    "conversation": 15,
    "sender": [
      "user"
    ],
    "content": "СӮР¬Р• в•ЁРұв•Ёв”Өв•Ёв•Ўв•Ёв•—в•Ёв•‘в•Ёв–‘ в•Ёв•–в•Ёв–‘в•Ёв–“в•Ёв•Ўв•ӨРҗв•ӨРҳв•Ёв•Ўв•Ёв•ңв•Ёв–‘! в•ЁРҜв•Ёв•ӣв•Ёв•‘в•ӨР“в•Ёв”җв•Ёв–‘в•ӨР’в•Ёв•Ўв•Ёв•—в•ӨРң Louis в•Ёв”җв•ӨРҗв•Ёв••в•Ёв•ӣв•Ёв–’в•ӨРҗв•ӨРЎв•Ёв•— 20 в•ӨРҳв•ӨР’. в•ЁР®в•ӨР‘в•ӨР’в•Ёв–‘в•Ёв•—в•Ёв•ӣв•ӨР‘в•ӨРң в•Ёв–“ в•Ёв•ӣв•Ёв–’в•ӨРҡв•ӨРҹв•Ёв–“в•Ёв•—в•Ёв•Ўв•Ёв•ңв•Ёв••в•Ёв••: 30 в•ӨРҳв•ӨР’.",
    "image": "",
    "created_at": "2026-03-11T15:33:26.353Z",
    "is_read": true
  }
},
{
  "model": "market.message",
  "pk": 146,
  "fields": {
    "conversation": 15,
    "sender": [
      "user"
    ],
    "content": "СӮР¬Р• в•ЁРұв•Ёв”Өв•Ёв•Ўв•Ёв•—в•Ёв•‘в•Ёв–‘ в•Ёв•–в•Ёв–‘в•Ёв–“в•Ёв•Ўв•ӨРҗв•ӨРҳв•Ёв•Ўв•Ёв•ңв•Ёв–‘! в•ЁРҜв•Ёв•ӣв•Ёв•‘в•ӨР“в•Ёв”җв•Ёв–‘в•ӨР’в•Ёв•Ўв•Ёв•—в•ӨРң Louis в•Ёв”җв•ӨРҗв•Ёв••в•Ёв•ӣв•Ёв–’в•ӨРҗв•ӨРЎв•Ёв•— 1 в•ӨРҳв•ӨР’. в•ЁР®в•ӨР‘в•ӨР’в•Ёв–‘в•Ёв•—в•Ёв•ӣв•ӨР‘в•ӨРң в•Ёв–“ в•Ёв•ӣв•Ёв–’в•ӨРҡв•ӨРҹв•Ёв–“в•Ёв•—в•Ёв•Ўв•Ёв•ңв•Ёв••в•Ёв••: 29 в•ӨРҳв•ӨР’.",
    "image": "",
    "created_at": "2026-03-11T15:33:42.561Z",
    "is_read": true
  }
},
{
  "model": "market.message",
  "pk": 147,
  "fields": {
    "conversation": 15,
    "sender": [
      "Louis"
    ],
    "content": "РҒРҜР«Рў в•ЁРҜв•Ёв•ӣв•Ёв•‘в•ӨР“в•Ёв”җв•Ёв–‘в•ӨРһ 10 в•ӨРҳв•ӨР’. в•Ёв”җв•Ёв•ӣ 1 232 131 231 AUEC. в•ЁР®в•Ёв•ўв•Ёв••в•Ёв”Өв•Ёв–‘в•ӨРһ в•Ёв”җв•Ёв•ӣв•Ёв”Өв•ӨР’в•Ёв–“в•Ёв•Ўв•ӨРҗв•Ёв•ўв•Ёв”Өв•Ёв•Ўв•Ёв•ңв•Ёв••в•ӨРҹ в•Ёв”җв•ӨРҗв•Ёв•ӣв•Ёв”Өв•Ёв–‘в•Ёв–“в•ӨР–в•Ёв–‘.",
    "image": "",
    "created_at": "2026-03-11T15:38:57.818Z",
    "is_read": true
  }
},
{
  "model": "market.message",
  "pk": 148,
  "fields": {
    "conversation": 15,
    "sender": [
      "user"
    ],
    "content": "СӮР¬Р• в•ЁРұв•Ёв”Өв•Ёв•Ўв•Ёв•—в•Ёв•‘в•Ёв–‘ в•Ёв•–в•Ёв–‘в•Ёв–“в•Ёв•Ўв•ӨРҗв•ӨРҳв•Ёв•Ўв•Ёв•ңв•Ёв–‘! в•ЁРҜв•Ёв•ӣв•Ёв•‘в•ӨР“в•Ёв”җв•Ёв–‘в•ӨР’в•Ёв•Ўв•Ёв•—в•ӨРң Louis в•Ёв”җв•ӨРҗв•Ёв••в•Ёв•ӣв•Ёв–’в•ӨРҗв•ӨРЎв•Ёв•— 10 в•ӨРҳв•ӨР’. в•Ёв•ңв•Ёв–‘ в•ӨР‘в•ӨР“в•Ёв•қв•Ёв•қв•ӨР“ 12 321 312 310 AUEC. в•ЁР®в•ӨР‘в•ӨР’в•Ёв–‘в•Ёв•—в•Ёв•ӣв•ӨР‘в•ӨРң в•Ёв–“ в•Ёв•ӣв•Ёв–’в•ӨРҡв•ӨРҹв•Ёв–“в•Ёв•—в•Ёв•Ўв•Ёв•ңв•Ёв••в•Ёв••: 19 в•ӨРҳв•ӨР’.",
    "image": "",
    "created_at": "2026-03-11T15:43:06.430Z",
    "is_read": true
  }
},
{
  "model": "market.message",
  "pk": 149,
  "fields": {
    "conversation": 15,
    "sender": [
      "Louis"
    ],
    "content": "РҒРҜР«Рў в•ЁРҜв•Ёв•ӣв•Ёв•‘в•ӨР“в•Ёв”җв•Ёв–‘в•ӨРһ 3 в•ӨРҳв•ӨР’. в•Ёв”җв•Ёв•ӣ 1 232 131 231 AUEC. в•ЁРұ в•Ёв–“в•Ёв–‘в•ӨР‘: 3 696 393 693 AUEC (3 в•ӨРҳв•ӨР’.). в•ЁР®в•Ёв•ўв•Ёв••в•Ёв”Өв•Ёв–‘в•ӨРһ в•Ёв”җв•Ёв•ӣв•Ёв”Өв•ӨР’в•Ёв–“в•Ёв•Ўв•ӨРҗв•Ёв•ўв•Ёв”Өв•Ёв•Ўв•Ёв•ңв•Ёв••в•ӨРҹ в•Ёв”җв•ӨРҗв•Ёв•ӣв•Ёв”Өв•Ёв–‘в•Ёв–“в•ӨР–в•Ёв–‘.",
    "image": "",
    "created_at": "2026-03-11T15:44:20.080Z",
    "is_read": true
  }
},
{
  "model": "market.message",
  "pk": 150,
  "fields": {
    "conversation": 15,
    "sender": [
      "user"
    ],
    "content": "СӮРӯРң в•ЁРҜв•ӨРҗв•Ёв•ӣв•Ёв”Өв•Ёв–‘в•Ёв–“в•Ёв•Ўв•ӨР– в•Ёв•ӣв•ӨР’в•Ёв•қв•Ёв•Ўв•Ёв•ңв•Ёв••в•Ёв•— в•Ёв•–в•Ёв–‘в•Ёв•‘в•Ёв–‘в•Ёв•– в•Ёв•ңв•Ёв–‘ 3 в•ӨРҳв•ӨР’. (в•ӨР’в•Ёв•ӣв•Ёв–“в•Ёв–‘в•ӨРҗв•Ёв–‘ в•Ёв•ңв•Ёв•Ўв•ӨР’ в•Ёв–“ в•Ёв•ңв•Ёв–‘в•Ёв•—в•Ёв••в•ӨР—в•Ёв••в•Ёв••).",
    "image": "",
    "created_at": "2026-03-11T15:44:46.129Z",
    "is_read": true
  }
},
{
  "model": "market.message",
  "pk": 151,
  "fields": {
    "conversation": 15,
    "sender": [
      "Louis"
    ],
    "content": "РҒРҜР«Рў в•ЁРҜв•Ёв•ӣв•Ёв•‘в•ӨР“в•Ёв”җв•Ёв–‘в•ӨРһ 1 в•ӨРҳв•ӨР’. в•Ёв”җв•Ёв•ӣ 1 232 131 231 AUEC. в•ЁРұ в•Ёв–“в•Ёв–‘в•ӨР‘: 1 232 131 231 AUEC (1 в•ӨРҳв•ӨР’.). в•ЁР®в•Ёв•ўв•Ёв••в•Ёв”Өв•Ёв–‘в•ӨРһ в•Ёв”җв•Ёв•ӣв•Ёв”Өв•ӨР’в•Ёв–“в•Ёв•Ўв•ӨРҗв•Ёв•ўв•Ёв”Өв•Ёв•Ўв•Ёв•ңв•Ёв••в•ӨРҹ в•Ёв”җв•ӨРҗв•Ёв•ӣв•Ёв”Өв•Ёв–‘в•Ёв–“в•ӨР–в•Ёв–‘.",
    "image": "",
    "created_at": "2026-03-11T15:47:45.157Z",
    "is_read": true
  }
},
{
  "model": "market.message",
  "pk": 152,
  "fields": {
    "conversation": 15,
    "sender": [
      "user"
    ],
    "content": "СӮР¬Р• в•ЁРұв•Ёв”Өв•Ёв•Ўв•Ёв•—в•Ёв•‘в•Ёв–‘ в•Ёв•–в•Ёв–‘в•Ёв–“в•Ёв•Ўв•ӨРҗв•ӨРҳв•Ёв•Ўв•Ёв•ңв•Ёв–‘! в•ЁРҜв•Ёв•ӣв•Ёв•‘в•ӨР“в•Ёв”җв•Ёв–‘в•ӨР’в•Ёв•Ўв•Ёв•—в•ӨРң Louis в•Ёв”җв•ӨРҗв•Ёв••в•Ёв•ӣв•Ёв–’в•ӨРҗв•ӨРЎв•Ёв•— 1 в•ӨРҳв•ӨР’. в•Ёв•ңв•Ёв–‘ в•ӨР‘в•ӨР“в•Ёв•қв•Ёв•қв•ӨР“ 1 232 131 231 AUEC. в•ЁР®в•ӨР‘в•ӨР’в•Ёв–‘в•Ёв•—в•Ёв•ӣв•ӨР‘в•ӨРң в•Ёв–“ в•Ёв•ӣв•Ёв–’в•ӨРҡв•ӨРҹв•Ёв–“в•Ёв•—в•Ёв•Ўв•Ёв•ңв•Ёв••в•Ёв••: 18 в•ӨРҳв•ӨР’.",
    "image": "",
    "created_at": "2026-03-11T15:48:00.334Z",
    "is_read": true
  }
},
{
  "model": "market.message",
  "pk": 153,
  "fields": {
    "conversation": 15,
    "sender": [
      "Louis"
    ],
    "content": "в•Ёв–‘в•Ёв•ӣв•ӨРӣв•Ёв–“в•ӨРҗв•Ёв–‘в•Ёв•—в•Ёв•ӣв•ӨРӣв•ӨРҗв•Ёв–“в•Ёв•—в•Ёв–‘в•ӨРҗв•ӨРӣв•Ёв–“в•Ёв•—в•Ёв–‘в•Ёв•ӣ",
    "image": "",
    "created_at": "2026-03-11T15:52:25.632Z",
    "is_read": true
  }
},
{
  "model": "market.message",
  "pk": 154,
  "fields": {
    "conversation": 15,
    "sender": [
      "Louis"
    ],
    "content": "в•ӨРҹ в•ӨР•в•Ёв•ӣв•ӨР—в•ӨР“ в•Ёв•‘в•ӨР“в•Ёв”җв•Ёв••в•ӨР’в•ӨРң в•Ёв•Ўв•ӨР‘в•ӨР’в•ӨРң?",
    "image": "",
    "created_at": "2026-03-11T15:52:53.617Z",
    "is_read": true
  }
},
{
  "model": "market.message",
  "pk": 155,
  "fields": {
    "conversation": 15,
    "sender": [
      "user"
    ],
    "content": "в•Ёв”Өв•Ёв–‘ в•Ёв–’в•Ёв•—в•ӨРҹ в•Ёв•Ўв•ӨР‘в•ӨР’в•ӨРң в•Ёв•–в•Ёв–‘в•Ёв•‘в•Ёв–‘в•Ёв•–в•ӨРӣв•Ёв–“в•Ёв–‘в•Ёв•Ј",
    "image": "",
    "created_at": "2026-03-11T15:53:08.539Z",
    "is_read": true
  }
},
{
  "model": "market.message",
  "pk": 156,
  "fields": {
    "conversation": 15,
    "sender": [
      "Louis"
    ],
    "content": "РҒРҜР«Рў в•ЁРҜв•Ёв•ӣв•Ёв•‘в•ӨР“в•Ёв”җв•Ёв–‘в•ӨРһ 1 в•ӨРҳв•ӨР’. в•Ёв”җв•Ёв•ӣ 1 232 131 231 AUEC. в•ЁРұ в•Ёв–“в•Ёв–‘в•ӨР‘: 1 232 131 231 AUEC (1 в•ӨРҳв•ӨР’.). в•ЁР®в•Ёв•ўв•Ёв••в•Ёв”Өв•Ёв–‘в•ӨРһ в•Ёв”җв•Ёв•ӣв•Ёв”Өв•ӨР’в•Ёв–“в•Ёв•Ўв•ӨРҗв•Ёв•ўв•Ёв”Өв•Ёв•Ўв•Ёв•ңв•Ёв••в•ӨРҹ в•Ёв”җв•ӨРҗв•Ёв•ӣв•Ёв”Өв•Ёв–‘в•Ёв–“в•ӨР–в•Ёв–‘.",
    "image": "",
    "created_at": "2026-03-11T15:53:41.092Z",
    "is_read": true
  }
},
{
  "model": "market.message",
  "pk": 157,
  "fields": {
    "conversation": 15,
    "sender": [
      "user"
    ],
    "content": "СӮР¬Р• в•ЁРұв•Ёв”Өв•Ёв•Ўв•Ёв•—в•Ёв•‘в•Ёв–‘ в•Ёв•–в•Ёв–‘в•Ёв–“в•Ёв•Ўв•ӨРҗв•ӨРҳв•Ёв•Ўв•Ёв•ңв•Ёв–‘! в•ЁРҜв•Ёв•ӣв•Ёв•‘в•ӨР“в•Ёв”җв•Ёв–‘в•ӨР’в•Ёв•Ўв•Ёв•—в•ӨРң Louis в•Ёв”җв•ӨРҗв•Ёв••в•Ёв•ӣв•Ёв–’в•ӨРҗв•ӨРЎв•Ёв•— 1 в•ӨРҳв•ӨР’. в•Ёв•ңв•Ёв–‘ в•ӨР‘в•ӨР“в•Ёв•қв•Ёв•қв•ӨР“ 1 232 131 231 AUEC. в•ЁР®в•ӨР‘в•ӨР’в•Ёв–‘в•Ёв•—в•Ёв•ӣв•ӨР‘в•ӨРң в•Ёв–“ в•Ёв•ӣв•Ёв–’в•ӨРҡв•ӨРҹв•Ёв–“в•Ёв•—в•Ёв•Ўв•Ёв•ңв•Ёв••в•Ёв••: 17 в•ӨРҳв•ӨР’.",
    "image": "",
    "created_at": "2026-03-11T15:53:56.119Z",
    "is_read": true
  }
},
{
  "model": "market.message",
  "pk": 158,
  "fields": {
    "conversation": 15,
    "sender": [
      "Louis"
    ],
    "content": "РҒРҜР«Рў в•ЁРҜв•Ёв•ӣв•Ёв•‘в•ӨР“в•Ёв”җв•Ёв–‘в•ӨРһ 2 в•ӨРҳв•ӨР’. в•Ёв”җв•Ёв•ӣ 1 232 131 231 AUEC. в•ЁРұ в•Ёв–“в•Ёв–‘в•ӨР‘: 2 464 262 462 AUEC (2 в•ӨРҳв•ӨР’.). в•ЁР®в•Ёв•ўв•Ёв••в•Ёв”Өв•Ёв–‘в•ӨРһ в•Ёв”җв•Ёв•ӣв•Ёв”Өв•ӨР’в•Ёв–“в•Ёв•Ўв•ӨРҗв•Ёв•ўв•Ёв”Өв•Ёв•Ўв•Ёв•ңв•Ёв••в•ӨРҹ в•Ёв”җв•ӨРҗв•Ёв•ӣв•Ёв”Өв•Ёв–‘в•Ёв–“в•ӨР–в•Ёв–‘.",
    "image": "",
    "created_at": "2026-03-11T15:55:43.103Z",
    "is_read": true
  }
},
{
  "model": "market.message",
  "pk": 159,
  "fields": {
    "conversation": 15,
    "sender": [
      "user"
    ],
    "content": "СӮР¬Р• в•ЁРұв•Ёв”Өв•Ёв•Ўв•Ёв•—в•Ёв•‘в•Ёв–‘ в•Ёв•–в•Ёв–‘в•Ёв–“в•Ёв•Ўв•ӨРҗв•ӨРҳв•Ёв•Ўв•Ёв•ңв•Ёв–‘! в•ЁРҜв•Ёв•ӣв•Ёв•‘в•ӨР“в•Ёв”җв•Ёв–‘в•ӨР’в•Ёв•Ўв•Ёв•—в•ӨРң Louis в•Ёв”җв•ӨРҗв•Ёв••в•Ёв•ӣв•Ёв–’в•ӨРҗв•ӨРЎв•Ёв•— 2 в•ӨРҳв•ӨР’. в•Ёв•ңв•Ёв–‘ в•ӨР‘в•ӨР“в•Ёв•қв•Ёв•қв•ӨР“ 2 464 262 462 AUEC. в•ЁР®в•ӨР‘в•ӨР’в•Ёв–‘в•Ёв•—в•Ёв•ӣв•ӨР‘в•ӨРң в•Ёв–“ в•Ёв•ӣв•Ёв–’в•ӨРҡв•ӨРҹв•Ёв–“в•Ёв•—в•Ёв•Ўв•Ёв•ңв•Ёв••в•Ёв••: 15 в•ӨРҳв•ӨР’.",
    "image": "",
    "created_at": "2026-03-11T15:56:38.976Z",
    "is_read": true
  }
},
{
  "model": "market.message",
  "pk": 160,
  "fields": {
    "conversation": 15,
    "sender": [
      "user"
    ],
    "content": "в•Ёв•–в•Ёв–‘в•Ёв•Ўв•Ёв–’в•Ёв•ӣв•Ёв•‘ в•Ёв–‘в•Ёв”Ӯв•Ёв–‘",
    "image": "",
    "created_at": "2026-03-11T16:12:08.830Z",
    "is_read": true
  }
},
{
  "model": "market.message",
  "pk": 161,
  "fields": {
    "conversation": 15,
    "sender": [
      "Louis"
    ],
    "content": "в•ӨР‘в•Ёв•ӣв•Ёв”Ӯв•Ёв•—в•Ёв–‘в•ӨР‘в•Ёв•Ўв•Ёв•ң",
    "image": "",
    "created_at": "2026-03-11T16:12:19.748Z",
    "is_read": true
  }
},
{
  "model": "market.message",
  "pk": 162,
  "fields": {
    "conversation": 14,
    "sender": [
      "Louis"
    ],
    "content": "РҒРҜР«РўPURCHASE\nLouis\n1\n12 323 332 222\n12 323 332 222\nAUEC",
    "image": "",
    "created_at": "2026-03-12T06:49:33.118Z",
    "is_read": true
  }
},
{
  "model": "market.message",
  "pk": 163,
  "fields": {
    "conversation": 14,
    "sender": [
      "user"
    ],
    "content": "СӮР¬Р•DEAL\nLouis\n1\n12 323 332 222\nAUEC\n0",
    "image": "",
    "created_at": "2026-03-12T06:50:09.281Z",
    "is_read": true
  }
},
{
  "model": "market.message",
  "pk": 164,
  "fields": {
    "conversation": 15,
    "sender": [
      "Louis"
    ],
    "content": "РҒРҜР«РўPURCHASE\nLouis\n15\n1 232 131 231\n18 481 968 465\nAUEC",
    "image": "",
    "created_at": "2026-03-12T07:04:47.072Z",
    "is_read": true
  }
},
{
  "model": "market.message",
  "pk": 165,
  "fields": {
    "conversation": 15,
    "sender": [
      "user"
    ],
    "content": "СӮР¬Р•DEAL\nLouis\n15\n18 481 968 465\nAUEC\n0",
    "image": "",
    "created_at": "2026-03-12T07:05:10.292Z",
    "is_read": true
  }
},
{
  "model": "market.message",
  "pk": 166,
  "fields": {
    "conversation": 18,
    "sender": [
      "Louis"
    ],
    "content": "РҒРҜР«РўPURCHASE\nLouis\n50\n800 000\n40 000 000\nAUEC",
    "image": "",
    "created_at": "2026-03-12T08:17:15.086Z",
    "is_read": true
  }
},
{
  "model": "market.message",
  "pk": 167,
  "fields": {
    "conversation": 18,
    "sender": [
      "user"
    ],
    "content": "СӮР¬Р•DEAL\nLouis\n49\n39 200 000\nAUEC\n1",
    "image": "",
    "created_at": "2026-03-12T08:19:05.285Z",
    "is_read": true
  }
},
{
  "model": "market.message",
  "pk": 168,
  "fields": {
    "conversation": 17,
    "sender": [
      "user"
    ],
    "content": "в•Ёв•қв•Ёв•ӣв•Ёв”Ӯв•ӨР“ в•Ёв”җв•ӨРҗв•Ёв•ӣв•Ёв”Өв•Ёв–‘в•ӨР’в•ӨРң",
    "image": "",
    "created_at": "2026-03-12T09:41:45.670Z",
    "is_read": true
  }
},
{
  "model": "market.message",
  "pk": 169,
  "fields": {
    "conversation": 13,
    "sender": [
      "user"
    ],
    "content": "РҒРҜР«РўPURCHASE\nuser\n1\n5 000 000\n5 000 000\nAUEC",
    "image": "",
    "created_at": "2026-03-12T09:50:29.370Z",
    "is_read": true
  }
},
{
  "model": "market.message",
  "pk": 170,
  "fields": {
    "conversation": 13,
    "sender": [
      "Louis"
    ],
    "content": "СӮР¬Р•DEAL\nuser\n1\n5 000 000\nAUEC\n0",
    "image": "",
    "created_at": "2026-03-12T09:50:41.524Z",
    "is_read": true
  }
},
{
  "model": "market.message",
  "pk": 171,
  "fields": {
    "conversation": 16,
    "sender": [
      "user"
    ],
    "content": "в•ЁРөв•Ёв•ӣв•ӨР—в•ӨР“ в•Ёв•ӣв•Ёв–’в•Ёв•қв•Ёв•Ўв•Ёв•ң! в•ЁРЈв•Ёв•ӣв•ӨР’в•Ёв•ӣв•Ёв–“ в•Ёв•ӣв•Ёв–’в•ӨР‘в•ӨР“в•Ёв”Өв•Ёв••в•ӨР’в•ӨРң в•Ёв•ӣв•Ёв–’в•Ёв•қв•Ёв•Ўв•Ёв•ң в•Ёв•ңв•Ёв–‘ в•Ёв–“в•Ёв–‘в•ӨРҳ в”¬Р»в•ЁР в•Ёв–“в•Ёв–‘в•Ёв•‘в”¬в•—. в•ЁР¬в•Ёв•ӣв•Ёв•ўв•Ёв•Ўв•ӨР’в•Ёв•Ў в•Ёв”җв•ӨРҗв•Ёв•Ўв•Ёв”Өв•Ёв•—в•Ёв•ӣв•Ёв•ўв•Ёв••в•ӨР’в•ӨРң: в•ЁРЎв•ӨРҗв•Ёв•ӣв•Ёв•ңв•ӨРҹ, в•ЁР в•Ёв–’в•Ёв–‘в•Ёв•—в•Ёв–‘в•Ёв•‘в•Ёв–‘в•ӨРҗ.",
    "image": "",
    "created_at": "2026-03-12T09:58:56.006Z",
    "is_read": true
  }
},
{
  "model": "market.message",
  "pk": 172,
  "fields": {
    "conversation": 17,
    "sender": [
      "user"
    ],
    "content": "в•ЁРөв•Ёв•ӣв•ӨР—в•ӨР“ в•Ёв”җв•ӨРҗв•Ёв•ӣв•Ёв”Өв•Ёв–‘в•ӨР’в•ӨРң! в•ЁРі в•Ёв•қв•Ёв•Ўв•Ёв•ңв•ӨРҹ в•Ёв•Ўв•ӨР‘в•ӨР’в•ӨРң в•ӨР’в•Ёв•ӣ, в•ӨР—в•ӨР’в•Ёв•ӣ в•Ёв–“в•ӨРӣ в•Ёв••в•ӨРҷв•Ёв•Ўв•ӨР’в•Ёв•Ў (в”¬Р»в•Ёв•–в•Ёв–‘в•Ёв•Ўв•Ёв–’в•Ёв–‘в•Ёв•—в•ӨР‘в•ӨРҹ в•Ёв”җв•ӨРҗв•Ёв••в•Ёв”Өв•ӨР“в•Ёв•қв•ӨРӣв•Ёв–“в•Ёв–‘в•ӨР’в•ӨРң в•Ёв•ңв•Ёв–‘в•Ёв•–в•Ёв–“в•Ёв–‘в•Ёв•ңв•Ёв••в•ӨРҹв”¬в•—). в•ЁРӨв•Ёв–‘в•Ёв–“в•Ёв–‘в•Ёв•Јв•ӨР’в•Ёв•Ў в•Ёв•ӣв•Ёв–’в•ӨР‘в•ӨР“в•Ёв”Өв•Ёв••в•Ёв•қ в•Ёв–“ в•ӨР—в•Ёв–‘в•ӨР’в•Ёв•Ў.",
    "image": "",
    "created_at": "2026-03-12T10:39:46.409Z",
    "is_read": true
  }
},
{
  "model": "market.message",
  "pk": 173,
  "fields": {
    "conversation": 17,
    "sender": [
      "user"
    ],
    "content": "в•ЁРөв•Ёв•ӣв•ӨР—в•ӨР“ в•Ёв”җв•ӨРҗв•Ёв•ӣв•Ёв”Өв•Ёв–‘в•ӨР’в•ӨРң! в•ЁРі в•Ёв•қв•Ёв•Ўв•Ёв•ңв•ӨРҹ в•Ёв•Ўв•ӨР‘в•ӨР’в•ӨРң в•ӨР’в•Ёв•ӣ, в•ӨР—в•ӨР’в•Ёв•ӣ в•Ёв–“в•ӨРӣ в•Ёв••в•ӨРҷв•Ёв•Ўв•ӨР’в•Ёв•Ў (в”¬Р»в•Ёв•–в•Ёв–‘в•Ёв•Ўв•Ёв–’в•Ёв–‘в•Ёв•—в•ӨР‘в•ӨРҹ в•Ёв”җв•ӨРҗв•Ёв••в•Ёв”Өв•ӨР“в•Ёв•қв•ӨРӣв•Ёв–“в•Ёв–‘в•ӨР’в•ӨРң в•Ёв•ңв•Ёв–‘в•Ёв•–в•Ёв–“в•Ёв–‘в•Ёв•ңв•Ёв••в•ӨРҹв”¬в•—). в•ЁРӨв•Ёв–‘в•Ёв–“в•Ёв–‘в•Ёв•Јв•ӨР’в•Ёв•Ў в•Ёв•ӣв•Ёв–’в•ӨР‘в•ӨР“в•Ёв”Өв•Ёв••в•Ёв•қ в•Ёв–“ в•ӨР—в•Ёв–‘в•ӨР’в•Ёв•Ў.",
    "image": "",
    "created_at": "2026-03-12T10:41:55.635Z",
    "is_read": true
  }
},
{
  "model": "market.message",
  "pk": 174,
  "fields": {
    "conversation": 26,
    "sender": [
      "user"
    ],
    "content": "РҒРҜР«РўPURCHASE\nuser\n1\n0\n0\nAUEC",
    "image": "",
    "created_at": "2026-03-12T10:52:19.792Z",
    "is_read": true
  }
},
{
  "model": "market.message",
  "pk": 175,
  "fields": {
    "conversation": 26,
    "sender": [
      "Louis"
    ],
    "content": "РҒРҜРӨР” в•ЁР®в•Ёв–’в•Ёв•қв•Ёв•Ўв•Ёв•ң в•Ёв•–в•Ёв–‘в•Ёв–“в•Ёв•Ўв•ӨРҗв•ӨРҳв•ӨРЎв•Ёв•ң\n\nв•ЁРұв•Ёв”Өв•Ёв•Ўв•Ёв•—в•Ёв•‘в•Ёв–‘ в•Ёв”җв•Ёв•ӣ в”¬Р»в•Ёв–“в•Ёв–‘в•Ёв–“в•ӨРӣв•Ёв–‘в”¬в•— в•ӨР‘ user в•ӨР“в•ӨР‘в•Ёв”җв•Ёв•Ўв•ӨРҳв•Ёв•ңв•Ёв•ӣ в•Ёв•–в•Ёв–‘в•Ёв–“в•Ёв•Ўв•ӨРҗв•ӨРҳв•Ёв•Ўв•Ёв•ңв•Ёв–‘.",
    "image": "",
    "created_at": "2026-03-12T10:52:42.883Z",
    "is_read": true
  }
},
{
  "model": "market.message",
  "pk": 176,
  "fields": {
    "conversation": 26,
    "sender": [
      "Louis"
    ],
    "content": "СӮР¬Р•DEAL\nuser\n1\n0\nAUEC\n0",
    "image": "",
    "created_at": "2026-03-12T10:53:29.998Z",
    "is_read": true
  }
},
{
  "model": "market.message",
  "pk": 177,
  "fields": {
    "conversation": 16,
    "sender": [
      "user"
    ],
    "content": "в•ЁРөв•Ёв•ӣв•ӨР—в•ӨР“ в•Ёв”җв•ӨРҗв•Ёв•ӣв•Ёв”Өв•Ёв–‘в•ӨР’в•ӨРң! в•ЁРі в•Ёв•қв•Ёв•Ўв•Ёв•ңв•ӨРҹ в•Ёв•Ўв•ӨР‘в•ӨР’в•ӨРң в•ӨР’в•Ёв•ӣ, в•ӨР—в•ӨР’в•Ёв•ӣ в•Ёв–“в•ӨРӣ в•Ёв••в•ӨРҷв•Ёв•Ўв•ӨР’в•Ёв•Ў (в”¬Р»в•ЁР в•Ёв–“в•Ёв–‘в•Ёв•‘в”¬в•—). в•ЁРӨв•Ёв–‘в•Ёв–“в•Ёв–‘в•Ёв•Јв•ӨР’в•Ёв•Ў в•Ёв•ӣв•Ёв–’в•ӨР‘в•ӨР“в•Ёв”Өв•Ёв••в•Ёв•қ в•Ёв–“ в•ӨР—в•Ёв–‘в•ӨР’в•Ёв•Ў.",
    "image": "",
    "created_at": "2026-03-12T11:08:43.903Z",
    "is_read": true
  }
},
{
  "model": "market.message",
  "pk": 178,
  "fields": {
    "conversation": 16,
    "sender": [
      "Louis"
    ],
    "content": "РҒРҜРӨР” в•ЁР®в•Ёв–’в•Ёв•қв•Ёв•Ўв•Ёв•ң в•Ёв•–в•Ёв–‘в•Ёв–“в•Ёв•Ўв•ӨРҗв•ӨРҳв•ӨРЎв•Ёв•ң\n\nв•ЁРұв•Ёв”Өв•Ёв•Ўв•Ёв•—в•Ёв•‘в•Ёв–‘ в•Ёв”җв•Ёв•ӣ в”¬Р»в•ЁР в•Ёв–“в•Ёв–‘в•Ёв•‘в”¬в•— в•ӨР‘ user в•ӨР“в•ӨР‘в•Ёв”җв•Ёв•Ўв•ӨРҳв•Ёв•ңв•Ёв•ӣ в•Ёв•–в•Ёв–‘в•Ёв–“в•Ёв•Ўв•ӨРҗв•ӨРҳв•Ёв•Ўв•Ёв•ңв•Ёв–‘.",
    "image": "",
    "created_at": "2026-03-12T11:09:02.445Z",
    "is_read": true
  }
},
{
  "model": "market.message",
  "pk": 179,
  "fields": {
    "conversation": 26,
    "sender": [
      "user"
    ],
    "content": "РҒРҜР«РўPURCHASE\nuser\n1\n0\n0\nAUEC",
    "image": "",
    "created_at": "2026-03-12T11:13:07.837Z",
    "is_read": true
  }
},
{
  "model": "market.message",
  "pk": 180,
  "fields": {
    "conversation": 26,
    "sender": [
      "user"
    ],
    "content": "РҒРҜР«РўPURCHASE\nuser\n1\n0\n0\nAUEC",
    "image": "",
    "created_at": "2026-03-12T11:13:12.334Z",
    "is_read": true
  }
},
{
  "model": "market.message",
  "pk": 181,
  "fields": {
    "conversation": 26,
    "sender": [
      "user"
    ],
    "content": "РҒРҜР«РўPURCHASE\nuser\n1\n0\n0\nAUEC",
    "image": "",
    "created_at": "2026-03-12T11:13:14.383Z",
    "is_read": true
  }
},
{
  "model": "market.message",
  "pk": 182,
  "fields": {
    "conversation": 26,
    "sender": [
      "user"
    ],
    "content": "РҒРҜР«РўPURCHASE\nuser\n1\n0\n0\nAUEC",
    "image": "",
    "created_at": "2026-03-12T11:13:16.911Z",
    "is_read": true
  }
},
{
  "model": "market.message",
  "pk": 183,
  "fields": {
    "conversation": 26,
    "sender": [
      "Louis"
    ],
    "content": "СӮРӯРң в•ЁР§в•Ёв–‘в•Ёв•‘в•Ёв–‘в•Ёв•– в•Ёв•ӣв•ӨР’в•Ёв•қв•Ёв•Ўв•Ёв•ңв•ӨРЎв•Ёв•ң\n\nв•ЁРҜв•ӨРҗв•Ёв•ӣв•Ёв”Өв•Ёв–‘в•Ёв–“в•Ёв•Ўв•ӨР– в•Ёв•ӣв•ӨР’в•Ёв•қв•Ёв•Ўв•Ёв•ңв•Ёв••в•Ёв•— в•Ёв•–в•Ёв–‘в•Ёв•‘в•Ёв–‘в•Ёв•– в•Ёв•ңв•Ёв–‘ 1 в•ӨРҳв•ӨР’.\nв•ЁРҜв•ӨРҗв•Ёв••в•ӨР—в•Ёв••в•Ёв•ңв•Ёв–‘: в•ӨР’в•Ёв•ӣв•Ёв–“в•Ёв–‘в•ӨРҗв•Ёв–‘ в•Ёв•ңв•Ёв•Ўв•ӨР’ в•Ёв–“ в•Ёв•ңв•Ёв–‘в•Ёв•—в•Ёв••в•ӨР—в•Ёв••в•Ёв••",
    "image": "",
    "created_at": "2026-03-12T11:20:45.556Z",
    "is_read": true
  }
},
{
  "model": "market.message",
  "pk": 184,
  "fields": {
    "conversation": 26,
    "sender": [
      "Louis"
    ],
    "content": "СӮРӯРң в•ЁР§в•Ёв–‘в•Ёв•‘в•Ёв–‘в•Ёв•– в•Ёв•ӣв•ӨР’в•Ёв•қв•Ёв•Ўв•Ёв•ңв•ӨРЎв•Ёв•ң\n\nв•ЁРҜв•ӨРҗв•Ёв•ӣв•Ёв”Өв•Ёв–‘в•Ёв–“в•Ёв•Ўв•ӨР– в•Ёв•ӣв•ӨР’в•Ёв•қв•Ёв•Ўв•Ёв•ңв•Ёв••в•Ёв•— в•Ёв•–в•Ёв–‘в•Ёв•‘в•Ёв–‘в•Ёв•– в•Ёв•ңв•Ёв–‘ 1 в•ӨРҳв•ӨР’.\nв•ЁРҜв•ӨРҗв•Ёв••в•ӨР—в•Ёв••в•Ёв•ңв•Ёв–‘: в•ӨР’в•Ёв•ӣв•Ёв–“в•Ёв–‘в•ӨРҗв•Ёв–‘ в•Ёв•ңв•Ёв•Ўв•ӨР’ в•Ёв–“ в•Ёв•ңв•Ёв–‘в•Ёв•—в•Ёв••в•ӨР—в•Ёв••в•Ёв••",
    "image": "",
    "created_at": "2026-03-12T11:21:26.399Z",
    "is_read": true
  }
},
{
  "model": "market.message",
  "pk": 185,
  "fields": {
    "conversation": 26,
    "sender": [
      "Louis"
    ],
    "content": "СӮРӯРң в•ЁР§в•Ёв–‘в•Ёв•‘в•Ёв–‘в•Ёв•– в•Ёв•ӣв•ӨР’в•Ёв•қв•Ёв•Ўв•Ёв•ңв•ӨРЎв•Ёв•ң\n\nв•ЁРҜв•ӨРҗв•Ёв•ӣв•Ёв”Өв•Ёв–‘в•Ёв–“в•Ёв•Ўв•ӨР– в•Ёв•ӣв•ӨР’в•Ёв•қв•Ёв•Ўв•Ёв•ңв•Ёв••в•Ёв•— в•Ёв•–в•Ёв–‘в•Ёв•‘в•Ёв–‘в•Ёв•– в•Ёв•ңв•Ёв–‘ 1 в•ӨРҳв•ӨР’.\nв•ЁРҜв•ӨРҗв•Ёв••в•ӨР—в•Ёв••в•Ёв•ңв•Ёв–‘: в•ӨР’в•Ёв•ӣв•Ёв–“в•Ёв–‘в•ӨРҗв•Ёв–‘ в•Ёв•ңв•Ёв•Ўв•ӨР’ в•Ёв–“ в•Ёв•ңв•Ёв–‘в•Ёв•—в•Ёв••в•ӨР—в•Ёв••в•Ёв••",
    "image": "",
    "created_at": "2026-03-12T11:21:27.138Z",
    "is_read": true
  }
},
{
  "model": "market.message",
  "pk": 186,
  "fields": {
    "conversation": 26,
    "sender": [
      "Louis"
    ],
    "content": "СӮРӯРң в•ЁР§в•Ёв–‘в•Ёв•‘в•Ёв–‘в•Ёв•– в•Ёв•ӣв•ӨР’в•Ёв•қв•Ёв•Ўв•Ёв•ңв•ӨРЎв•Ёв•ң\n\nв•ЁРҜв•ӨРҗв•Ёв•ӣв•Ёв”Өв•Ёв–‘в•Ёв–“в•Ёв•Ўв•ӨР– в•Ёв•ӣв•ӨР’в•Ёв•қв•Ёв•Ўв•Ёв•ңв•Ёв••в•Ёв•— в•Ёв•–в•Ёв–‘в•Ёв•‘в•Ёв–‘в•Ёв•– в•Ёв•ңв•Ёв–‘ 1 в•ӨРҳв•ӨР’.\nв•ЁРҜв•ӨРҗв•Ёв••в•ӨР—в•Ёв••в•Ёв•ңв•Ёв–‘: в•ӨР’в•Ёв•ӣв•Ёв–“в•Ёв–‘в•ӨРҗв•Ёв–‘ в•Ёв•ңв•Ёв•Ўв•ӨР’ в•Ёв–“ в•Ёв•ңв•Ёв–‘в•Ёв•—в•Ёв••в•ӨР—в•Ёв••в•Ёв••",
    "image": "",
    "created_at": "2026-03-12T11:21:28.661Z",
    "is_read": true
  }
},
{
  "model": "market.message",
  "pk": 187,
  "fields": {
    "conversation": 26,
    "sender": [
      "user"
    ],
    "content": "РҒРҜР«РўPURCHASE\nuser\n1\n0\n0\nAUEC",
    "image": "",
    "created_at": "2026-03-12T11:25:04.848Z",
    "is_read": true
  }
},
{
  "model": "market.message",
  "pk": 188,
  "fields": {
    "conversation": 26,
    "sender": [
      "Louis"
    ],
    "content": "СӮР¬Р•DEAL\nuser\n1\n0\nAUEC\n0",
    "image": "",
    "created_at": "2026-03-12T11:25:16.845Z",
    "is_read": true
  }
},
{
  "model": "market.message",
  "pk": 189,
  "fields": {
    "conversation": 25,
    "sender": [
      "user"
    ],
    "content": "в•ЁРөв•Ёв•ӣв•ӨР—в•ӨР“ в•Ёв•ӣв•Ёв–’в•Ёв•қв•Ёв•Ўв•Ёв•ң! в•ЁРЈв•Ёв•ӣв•ӨР’в•Ёв•ӣв•Ёв–“ в•Ёв•ӣв•Ёв–’в•ӨР‘в•ӨР“в•Ёв”Өв•Ёв••в•ӨР’в•ӨРң в•Ёв•ӣв•Ёв–’в•Ёв•қв•Ёв•Ўв•Ёв•ң в•Ёв•ңв•Ёв–‘ в•Ёв–“в•Ёв–‘в•ӨРҳ в”¬Р»в•Ёв–“в•ӨРӣв•Ёв–‘в•Ёв–“в•ӨРӣв•Ёв–‘в”¬в•—. в•ЁР¬в•Ёв•ӣв•Ёв•ўв•Ёв•Ўв•ӨР’в•Ёв•Ў в•Ёв”җв•ӨРҗв•Ёв•Ўв•Ёв”Өв•Ёв•—в•Ёв•ӣв•Ёв•ўв•Ёв••в•ӨР’в•ӨРң: в•ӨР—в•ӨР’в•Ёв•ӣ-в•ӨР’в•Ёв•ӣ.",
    "image": "",
    "created_at": "2026-03-12T11:34:13.528Z",
    "is_read": true
  }
},
{
  "model": "market.message",
  "pk": 190,
  "fields": {
    "conversation": 25,
    "sender": [
      "Louis"
    ],
    "content": "РҒРҜРӨР” в•ЁР®в•Ёв–’в•Ёв•қв•Ёв•Ўв•Ёв•ң в•Ёв•–в•Ёв–‘в•Ёв–“в•Ёв•Ўв•ӨРҗв•ӨРҳв•ӨРЎв•Ёв•ң\n\nв•ЁРұв•Ёв”Өв•Ёв•Ўв•Ёв•—в•Ёв•‘в•Ёв–‘ в•Ёв”җв•Ёв•ӣ в”¬Р»в•Ёв–“в•ӨРӣв•Ёв–‘в•Ёв–“в•ӨРӣв•Ёв–‘в”¬в•— в•ӨР‘ user в•ӨР“в•ӨР‘в•Ёв”җв•Ёв•Ўв•ӨРҳв•Ёв•ңв•Ёв•ӣ в•Ёв•–в•Ёв–‘в•Ёв–“в•Ёв•Ўв•ӨРҗв•ӨРҳв•Ёв•Ўв•Ёв•ңв•Ёв–‘.",
    "image": "",
    "created_at": "2026-03-12T11:34:40.220Z",
    "is_read": true
  }
},
{
  "model": "market.message",
  "pk": 191,
  "fields": {
    "conversation": 25,
    "sender": [
      "user"
    ],
    "content": "РҒРҜР«РўPURCHASE\nuser\n1\n100 000 000\n100 000 000\nAUEC",
    "image": "",
    "created_at": "2026-03-12T11:40:38.164Z",
    "is_read": true
  }
},
{
  "model": "market.message",
  "pk": 192,
  "fields": {
    "conversation": 25,
    "sender": [
      "Louis"
    ],
    "content": "СӮРӯРң в•ЁР§в•Ёв–‘в•Ёв•‘в•Ёв–‘в•Ёв•– в•Ёв•ӣв•ӨР’в•Ёв•қв•Ёв•Ўв•Ёв•ңв•ӨРЎв•Ёв•ң\n\nв•ЁРҜв•ӨРҗв•Ёв•ӣв•Ёв”Өв•Ёв–‘в•Ёв–“в•Ёв•Ўв•ӨР– в•Ёв•ӣв•ӨР’в•Ёв•қв•Ёв•Ўв•Ёв•ңв•Ёв••в•Ёв•— в•Ёв•–в•Ёв–‘в•Ёв•‘в•Ёв–‘в•Ёв•– в•Ёв•ңв•Ёв–‘ 1 в•ӨРҳв•ӨР’.\nв•ЁРҜв•ӨРҗв•Ёв••в•ӨР—в•Ёв••в•Ёв•ңв•Ёв–‘: в•ӨР’в•Ёв•ӣв•Ёв–“в•Ёв–‘в•ӨРҗв•Ёв–‘ в•Ёв•ңв•Ёв•Ўв•ӨР’ в•Ёв–“ в•Ёв•ңв•Ёв–‘в•Ёв•—в•Ёв••в•ӨР—в•Ёв••в•Ёв••",
    "image": "",
    "created_at": "2026-03-12T11:40:49.645Z",
    "is_read": true
  }
},
{
  "model": "market.message",
  "pk": 193,
  "fields": {
    "conversation": 25,
    "sender": [
      "user"
    ],
    "content": "в•ЁРөв•Ёв•ӣв•ӨР—в•ӨР“ в•Ёв•ӣв•Ёв–’в•Ёв•қв•Ёв•Ўв•Ёв•ң! в•ЁРЈв•Ёв•ӣв•ӨР’в•Ёв•ӣв•Ёв–“ в•Ёв•ӣв•Ёв–’в•ӨР‘в•ӨР“в•Ёв”Өв•Ёв••в•ӨР’в•ӨРң в•Ёв•ӣв•Ёв–’в•Ёв•қв•Ёв•Ўв•Ёв•ң в•Ёв•ңв•Ёв–‘ в•Ёв–“в•Ёв–‘в•ӨРҳ в”¬Р»в•Ёв–“в•ӨРӣв•Ёв–‘в•Ёв–“в•ӨРӣв•Ёв–‘в”¬в•—. в•ЁР¬в•Ёв•ӣв•Ёв•ўв•Ёв•Ўв•ӨР’в•Ёв•Ў в•Ёв”җв•ӨРҗв•Ёв•Ўв•Ёв”Өв•Ёв•—в•Ёв•ӣв•Ёв•ўв•Ёв••в•ӨР’в•ӨРң: в•ӨР—в•ӨР’в•Ёв•ӣ-в•ӨР’в•Ёв•ӣ.",
    "image": "",
    "created_at": "2026-03-12T11:42:30.285Z",
    "is_read": true
  }
},
{
  "model": "market.message",
  "pk": 194,
  "fields": {
    "conversation": 20,
    "sender": [
      "Louis"
    ],
    "content": "в•ЁРөв•Ёв•ӣв•ӨР—в•ӨР“ в•Ёв•ӣв•Ёв–’в•Ёв•қв•Ёв•Ўв•Ёв•ң! в•ЁРЈв•Ёв•ӣв•ӨР’в•Ёв•ӣв•Ёв–“ в•Ёв•ӣв•Ёв–’в•ӨР‘в•ӨР“в•Ёв”Өв•Ёв••в•ӨР’в•ӨРң в•Ёв•ӣв•Ёв–’в•Ёв•қв•Ёв•Ўв•Ёв•ң в•Ёв•ңв•Ёв–‘ в•Ёв–“в•Ёв–‘в•ӨРҳ в”¬Р»в•ЁР в•Ёв–“в•Ёв–‘в•Ёв•‘в”¬в•—. в•ЁР¬в•Ёв•ӣв•Ёв•ўв•Ёв•Ўв•ӨР’в•Ёв•Ў в•Ёв”җв•ӨРҗв•Ёв•Ўв•Ёв”Өв•Ёв•—в•Ёв•ӣв•Ёв•ўв•Ёв••в•ӨР’в•ӨРң: в•ЁР в•Ёв–“в•Ёв–‘в•Ёв•‘ 1.",
    "image": "",
    "created_at": "2026-03-12T11:53:04.728Z",
    "is_read": true
  }
},
{
  "model": "market.message",
  "pk": 195,
  "fields": {
    "conversation": 20,
    "sender": [
      "user"
    ],
    "content": "РҒРҜРӨР” в•ЁР®в•Ёв–’в•Ёв•қв•Ёв•Ўв•Ёв•ң в•Ёв•–в•Ёв–‘в•Ёв–“в•Ёв•Ўв•ӨРҗв•ӨРҳв•ӨРЎв•Ёв•ң\n\nв•ЁРұв•Ёв”Өв•Ёв•Ўв•Ёв•—в•Ёв•‘в•Ёв–‘ в•Ёв”җв•Ёв•ӣ в”¬Р»в•ЁР в•Ёв–“в•Ёв–‘в•Ёв•‘в”¬в•— в•ӨР‘ Louis в•ӨР“в•ӨР‘в•Ёв”җв•Ёв•Ўв•ӨРҳв•Ёв•ңв•Ёв•ӣ в•Ёв•–в•Ёв–‘в•Ёв–“в•Ёв•Ўв•ӨРҗв•ӨРҳв•Ёв•Ўв•Ёв•ңв•Ёв–‘.",
    "image": "",
    "created_at": "2026-03-12T11:53:16.120Z",
    "is_read": true
  }
},
{
  "model": "market.message",
  "pk": 196,
  "fields": {
    "conversation": 22,
    "sender": [
      "Louis"
    ],
    "content": "в•ЁРөв•Ёв•ӣв•ӨР—в•ӨР“ в•Ёв•ӣв•Ёв–’в•Ёв•қв•Ёв•Ўв•Ёв•ң! в•ЁРЈв•Ёв•ӣв•ӨР’в•Ёв•ӣв•Ёв–“ в•Ёв•ӣв•Ёв–’в•ӨР‘в•ӨР“в•Ёв”Өв•Ёв••в•ӨР’в•ӨРң в•Ёв•ӣв•Ёв–’в•Ёв•қв•Ёв•Ўв•Ёв•ң в•Ёв•ңв•Ёв–‘ в•Ёв–“в•Ёв–‘в•ӨРҳ в”¬Р»в•ЁР в•Ёв–“в•Ёв–‘в•Ёв•‘ 12в”¬в•—. в•ЁР¬в•Ёв•ӣв•Ёв•ўв•Ёв•Ўв•ӨР’в•Ёв•Ў в•Ёв”җв•ӨРҗв•Ёв•Ўв•Ёв”Өв•Ёв•—в•Ёв•ӣв•Ёв•ўв•Ёв••в•ӨР’в•ӨРң: в•ЁР в•Ёв–“в•Ёв–‘в•Ёв•‘ в•Ёв•ӣв•Ёв–’в•ӨРӣв•ӨР—в•Ёв•ңв•ӨРӣв•Ёв•Ј.",
    "image": "",
    "created_at": "2026-03-12T11:54:06.345Z",
    "is_read": true
  }
},
{
  "model": "market.message",
  "pk": 197,
  "fields": {
    "conversation": 22,
    "sender": [
      "Louis"
    ],
    "content": "в•Ёв–“в•ӨР“в•ӨРӣв•Ёв–‘в•Ёв–“",
    "image": "",
    "created_at": "2026-03-12T11:54:09.623Z",
    "is_read": true
  }
},
{
  "model": "market.message",
  "pk": 198,
  "fields": {
    "conversation": 22,
    "sender": [
      "user"
    ],
    "content": "в•ӨР”в•ӨРӣв•Ёв–“в•Ёв–‘в•ӨРӣв•ӨР”",
    "image": "",
    "created_at": "2026-03-12T11:54:19.045Z",
    "is_read": true
  }
},
{
  "model": "market.message",
  "pk": 199,
  "fields": {
    "conversation": 22,
    "sender": [
      "user"
    ],
    "content": "РҒРҜРӨР” в•ЁР®в•Ёв–’в•Ёв•қв•Ёв•Ўв•Ёв•ң в•Ёв•–в•Ёв–‘в•Ёв–“в•Ёв•Ўв•ӨРҗв•ӨРҳв•ӨРЎв•Ёв•ң\n\nв•ЁРұв•Ёв”Өв•Ёв•Ўв•Ёв•—в•Ёв•‘в•Ёв–‘ в•Ёв”җв•Ёв•ӣ в”¬Р»в•ЁР в•Ёв–“в•Ёв–‘в•Ёв•‘ 12в”¬в•— в•ӨР‘ Louis в•ӨР“в•ӨР‘в•Ёв”җв•Ёв•Ўв•ӨРҳв•Ёв•ңв•Ёв•ӣ в•Ёв•–в•Ёв–‘в•Ёв–“в•Ёв•Ўв•ӨРҗв•ӨРҳв•Ёв•Ўв•Ёв•ңв•Ёв–‘.",
    "image": "",
    "created_at": "2026-03-12T11:54:20.353Z",
    "is_read": true
  }
},
{
  "model": "market.message",
  "pk": 200,
  "fields": {
    "conversation": 22,
    "sender": [
      "Louis"
    ],
    "content": "в•ЁРөв•Ёв•ӣв•ӨР—в•ӨР“ в•Ёв•ӣв•Ёв–’в•Ёв•қв•Ёв•Ўв•Ёв•ң! в•ЁРЈв•Ёв•ӣв•ӨР’в•Ёв•ӣв•Ёв–“ в•Ёв•ӣв•Ёв–’в•ӨР‘в•ӨР“в•Ёв”Өв•Ёв••в•ӨР’в•ӨРң в•Ёв•ӣв•Ёв–’в•Ёв•қв•Ёв•Ўв•Ёв•ң в•Ёв•ңв•Ёв–‘ в•Ёв–“в•Ёв–‘в•ӨРҳ в”¬Р»в•ЁР в•Ёв–“в•Ёв–‘в•Ёв•‘ 12в”¬в•—. в•ЁР¬в•Ёв•ӣв•Ёв•ўв•Ёв•Ўв•ӨР’в•Ёв•Ў в•Ёв”җв•ӨРҗв•Ёв•Ўв•Ёв”Өв•Ёв•—в•Ёв•ӣв•Ёв•ўв•Ёв••в•ӨР’в•ӨРң: в•ЁР в•Ёв–“в•Ёв–‘в•Ёв•‘ в•Ёв•ӣв•Ёв–’в•ӨРӣв•ӨР—в•Ёв•ңв•ӨРӣв•Ёв•Ј.",
    "image": "",
    "created_at": "2026-03-12T12:05:52.613Z",
    "is_read": true
  }
},
{
  "model": "market.message",
  "pk": 201,
  "fields": {
    "conversation": 22,
    "sender": [
      "user"
    ],
    "content": "РҒРҜРӨР” в•ЁР®в•Ёв–’в•Ёв•қв•Ёв•Ўв•Ёв•ң в•Ёв•–в•Ёв–‘в•Ёв–“в•Ёв•Ўв•ӨРҗв•ӨРҳв•ӨРЎв•Ёв•ң\n\nв•ЁРұв•Ёв”Өв•Ёв•Ўв•Ёв•—в•Ёв•‘в•Ёв–‘ в•Ёв”җв•Ёв•ӣ в”¬Р»в•ЁР в•Ёв–“в•Ёв–‘в•Ёв•‘ 12в”¬в•— в•ӨР‘ Louis в•ӨР“в•ӨР‘в•Ёв”җв•Ёв•Ўв•ӨРҳв•Ёв•ңв•Ёв•ӣ в•Ёв•–в•Ёв–‘в•Ёв–“в•Ёв•Ўв•ӨРҗв•ӨРҳв•Ёв•Ўв•Ёв•ңв•Ёв–‘.",
    "image": "",
    "created_at": "2026-03-12T12:12:24.907Z",
    "is_read": true
  }
},
{
  "model": "market.message",
  "pk": 202,
  "fields": {
    "conversation": 20,
    "sender": [
      "Louis"
    ],
    "content": "в•ЁРөв•Ёв•ӣв•ӨР—в•ӨР“ в•Ёв•ӣв•Ёв–’в•Ёв•қв•Ёв•Ўв•Ёв•ң! в•ЁРЈв•Ёв•ӣв•ӨР’в•Ёв•ӣв•Ёв–“ в•Ёв•ӣв•Ёв–’в•ӨР‘в•ӨР“в•Ёв”Өв•Ёв••в•ӨР’в•ӨРң в•Ёв•ӣв•Ёв–’в•Ёв•қв•Ёв•Ўв•Ёв•ң в•Ёв•ңв•Ёв–‘ в•Ёв–“в•Ёв–‘в•ӨРҳ в”¬Р»в•ЁР в•Ёв–“в•Ёв–‘в•Ёв•‘в”¬в•—. в•ЁР¬в•Ёв•ӣв•Ёв•ўв•Ёв•Ўв•ӨР’в•Ёв•Ў в•Ёв”җв•ӨРҗв•Ёв•Ўв•Ёв”Өв•Ёв•—в•Ёв•ӣв•Ёв•ўв•Ёв••в•ӨР’в•ӨРң: в•ЁР в•Ёв–“в•Ёв–‘в•Ёв•‘ 1.",
    "image": "",
    "created_at": "2026-03-12T12:12:49.292Z",
    "is_read": true
  }
},
{
  "model": "market.message",
  "pk": 203,
  "fields": {
    "conversation": 25,
    "sender": [
      "user"
    ],
    "content": "в•ЁРөв•Ёв•ӣв•ӨР—в•ӨР“ в•Ёв•ӣв•Ёв–’в•Ёв•қв•Ёв•Ўв•Ёв•ң! в•ЁРЈв•Ёв•ӣв•ӨР’в•Ёв•ӣв•Ёв–“ в•Ёв•ӣв•Ёв–’в•ӨР‘в•ӨР“в•Ёв”Өв•Ёв••в•ӨР’в•ӨРң в•Ёв•ӣв•Ёв–’в•Ёв•қв•Ёв•Ўв•Ёв•ң в•Ёв•ңв•Ёв–‘ в•Ёв–“в•Ёв–‘в•ӨРҳ в”¬Р»в•Ёв–“в•ӨРӣв•Ёв–‘в•Ёв–“в•ӨРӣв•Ёв–‘в”¬в•—. в•ЁР¬в•Ёв•ӣв•Ёв•ўв•Ёв•Ўв•ӨР’в•Ёв•Ў в•Ёв”җв•ӨРҗв•Ёв•Ўв•Ёв”Өв•Ёв•—в•Ёв•ӣв•Ёв•ўв•Ёв••в•ӨР’в•ӨРң: в•ӨР—в•ӨР’в•Ёв•ӣ-в•ӨР’в•Ёв•ӣ.",
    "image": "",
    "created_at": "2026-03-12T12:14:52.918Z",
    "is_read": true
  }
},
{
  "model": "market.message",
  "pk": 204,
  "fields": {
    "conversation": 25,
    "sender": [
      "Louis"
    ],
    "content": "РҒРҜРӨР” в•ЁР®в•Ёв–’в•Ёв•қв•Ёв•Ўв•Ёв•ң в•Ёв•–в•Ёв–‘в•Ёв–“в•Ёв•Ўв•ӨРҗв•ӨРҳв•ӨРЎв•Ёв•ң\n\nв•ЁРұв•Ёв”Өв•Ёв•Ўв•Ёв•—в•Ёв•‘в•Ёв–‘ в•Ёв”җв•Ёв•ӣ в”¬Р»в•Ёв–“в•ӨРӣв•Ёв–‘в•Ёв–“в•ӨРӣв•Ёв–‘в”¬в•— в•ӨР‘ user в•ӨР“в•ӨР‘в•Ёв”җв•Ёв•Ўв•ӨРҳв•Ёв•ңв•Ёв•ӣ в•Ёв•–в•Ёв–‘в•Ёв–“в•Ёв•Ўв•ӨРҗв•ӨРҳв•Ёв•Ўв•Ёв•ңв•Ёв–‘.",
    "image": "",
    "created_at": "2026-03-12T12:15:09.119Z",
    "is_read": true
  }
},
{
  "model": "market.message",
  "pk": 205,
  "fields": {
    "conversation": 20,
    "sender": [
      "Louis"
    ],
    "content": "в•ЁРөв•Ёв•ӣв•ӨР—в•ӨР“ в•Ёв•ӣв•Ёв–’в•Ёв•қв•Ёв•Ўв•Ёв•ң! в•ЁРЈв•Ёв•ӣв•ӨР’в•Ёв•ӣв•Ёв–“ в•Ёв•ӣв•Ёв–’в•ӨР‘в•ӨР“в•Ёв”Өв•Ёв••в•ӨР’в•ӨРң в•Ёв•ӣв•Ёв–’в•Ёв•қв•Ёв•Ўв•Ёв•ң в•Ёв•ңв•Ёв–‘ в•Ёв–“в•Ёв–‘в•ӨРҳ в”¬Р»в•ЁР в•Ёв–“в•Ёв–‘в•Ёв•‘в”¬в•—. в•ЁР¬в•Ёв•ӣв•Ёв•ўв•Ёв•Ўв•ӨР’в•Ёв•Ў в•Ёв”җв•ӨРҗв•Ёв•Ўв•Ёв”Өв•Ёв•—в•Ёв•ӣв•Ёв•ўв•Ёв••в•ӨР’в•ӨРң: в•ЁР в•Ёв–“в•Ёв–‘в•Ёв•‘ 1.",
    "image": "",
    "created_at": "2026-03-12T12:16:49.112Z",
    "is_read": true
  }
},
{
  "model": "market.message",
  "pk": 206,
  "fields": {
    "conversation": 20,
    "sender": [
      "user"
    ],
    "content": "РҒРҜРӨР” в•ЁР®в•Ёв–’в•Ёв•қв•Ёв•Ўв•Ёв•ң в•Ёв•–в•Ёв–‘в•Ёв–“в•Ёв•Ўв•ӨРҗв•ӨРҳв•ӨРЎв•Ёв•ң\n\nв•ЁРұв•Ёв”Өв•Ёв•Ўв•Ёв•—в•Ёв•‘в•Ёв–‘ в•Ёв”җв•Ёв•ӣ в”¬Р»в•ЁР в•Ёв–“в•Ёв–‘в•Ёв•‘в”¬в•— в•ӨР‘ Louis в•ӨР“в•ӨР‘в•Ёв”җв•Ёв•Ўв•ӨРҳв•Ёв•ңв•Ёв•ӣ в•Ёв•–в•Ёв–‘в•Ёв–“в•Ёв•Ўв•ӨРҗв•ӨРҳв•Ёв•Ўв•Ёв•ңв•Ёв–‘.",
    "image": "",
    "created_at": "2026-03-12T12:17:49.942Z",
    "is_read": true
  }
},
{
  "model": "market.message",
  "pk": 207,
  "fields": {
    "conversation": 20,
    "sender": [
      "Louis"
    ],
    "content": "в•ЁРөв•Ёв•ӣв•ӨР—в•ӨР“ в•Ёв•ӣв•Ёв–’в•Ёв•қв•Ёв•Ўв•Ёв•ң! в•ЁРЈв•Ёв•ӣв•ӨР’в•Ёв•ӣв•Ёв–“ в•Ёв•ӣв•Ёв–’в•ӨР‘в•ӨР“в•Ёв”Өв•Ёв••в•ӨР’в•ӨРң в•Ёв•ӣв•Ёв–’в•Ёв•қв•Ёв•Ўв•Ёв•ң в•Ёв•ңв•Ёв–‘ в•Ёв–“в•Ёв–‘в•ӨРҳ в”¬Р»в•ЁР в•Ёв–“в•Ёв–‘в•Ёв•‘в”¬в•—. в•ЁР¬в•Ёв•ӣв•Ёв•ўв•Ёв•Ўв•ӨР’в•Ёв•Ў в•Ёв”җв•ӨРҗв•Ёв•Ўв•Ёв”Өв•Ёв•—в•Ёв•ӣв•Ёв•ўв•Ёв••в•ӨР’в•ӨРң: в•ЁР в•Ёв–“в•Ёв–‘в•Ёв•‘ 1.",
    "image": "",
    "created_at": "2026-03-12T12:19:21.033Z",
    "is_read": true
  }
},
{
  "model": "market.message",
  "pk": 208,
  "fields": {
    "conversation": 25,
    "sender": [
      "user"
    ],
    "content": "в•ЁРөв•Ёв•ӣв•ӨР—в•ӨР“ в•Ёв•ӣв•Ёв–’в•Ёв•қв•Ёв•Ўв•Ёв•ң! в•ЁРЈв•Ёв•ӣв•ӨР’в•Ёв•ӣв•Ёв–“ в•Ёв•ӣв•Ёв–’в•ӨР‘в•ӨР“в•Ёв”Өв•Ёв••в•ӨР’в•ӨРң в•Ёв•ӣв•Ёв–’в•Ёв•қв•Ёв•Ўв•Ёв•ң в•Ёв•ңв•Ёв–‘ в•Ёв–“в•Ёв–‘в•ӨРҳ в”¬Р»в•Ёв–“в•ӨРӣв•Ёв–‘в•Ёв–“в•ӨРӣв•Ёв–‘в”¬в•—. в•ЁР¬в•Ёв•ӣв•Ёв•ўв•Ёв•Ўв•ӨР’в•Ёв•Ў в•Ёв”җв•ӨРҗв•Ёв•Ўв•Ёв”Өв•Ёв•—в•Ёв•ӣв•Ёв•ўв•Ёв••в•ӨР’в•ӨРң: в•ӨР—в•ӨР’в•Ёв•ӣ-в•ӨР’в•Ёв•ӣ.",
    "image": "",
    "created_at": "2026-03-12T12:34:57.820Z",
    "is_read": true
  }
},
{
  "model": "market.message",
  "pk": 209,
  "fields": {
    "conversation": 25,
    "sender": [
      "user"
    ],
    "content": "в•ЁРөв•Ёв•ӣв•ӨР—в•ӨР“ в•Ёв•ӣв•Ёв–’в•Ёв•қв•Ёв•Ўв•Ёв•ң! в•ЁРЈв•Ёв•ӣв•ӨР’в•Ёв•ӣв•Ёв–“ в•Ёв•ӣв•Ёв–’в•ӨР‘в•ӨР“в•Ёв”Өв•Ёв••в•ӨР’в•ӨРң в•Ёв•ӣв•Ёв–’в•Ёв•қв•Ёв•Ўв•Ёв•ң в•Ёв•ңв•Ёв–‘ в•Ёв–“в•Ёв–‘в•ӨРҳ в”¬Р»в•Ёв–“в•ӨРӣв•Ёв–‘в•Ёв–“в•ӨРӣв•Ёв–‘в”¬в•—. в•ЁР¬в•Ёв•ӣв•Ёв•ўв•Ёв•Ўв•ӨР’в•Ёв•Ў в•Ёв”җв•ӨРҗв•Ёв•Ўв•Ёв”Өв•Ёв•—в•Ёв•ӣв•Ёв•ўв•Ёв••в•ӨР’в•ӨРң: в•ӨР—в•ӨР’в•Ёв•ӣ-в•ӨР’в•Ёв•ӣ.",
    "image": "",
    "created_at": "2026-03-12T12:39:00.791Z",
    "is_read": true
  }
},
{
  "model": "market.message",
  "pk": 210,
  "fields": {
    "conversation": 25,
    "sender": [
      "user"
    ],
    "content": "в•ЁРөв•Ёв•ӣв•ӨР—в•ӨР“ в•Ёв•ӣв•Ёв–’в•Ёв•қв•Ёв•Ўв•Ёв•ң! в•ЁРЈв•Ёв•ӣв•ӨР’в•Ёв•ӣв•Ёв–“ в•Ёв•ӣв•Ёв–’в•ӨР‘в•ӨР“в•Ёв”Өв•Ёв••в•ӨР’в•ӨРң в•Ёв•ӣв•Ёв–’в•Ёв•қв•Ёв•Ўв•Ёв•ң в•Ёв•ңв•Ёв–‘ в•Ёв–“в•Ёв–‘в•ӨРҳ в”¬Р»в•Ёв–“в•ӨРӣв•Ёв–‘в•Ёв–“в•ӨРӣв•Ёв–‘в”¬в•—. в•ЁР¬в•Ёв•ӣв•Ёв•ўв•Ёв•Ўв•ӨР’в•Ёв•Ў в•Ёв”җв•ӨРҗв•Ёв•Ўв•Ёв”Өв•Ёв•—в•Ёв•ӣв•Ёв•ўв•Ёв••в•ӨР’в•ӨРң: в•ӨР—в•ӨР’в•Ёв•ӣ-в•ӨР’в•Ёв•ӣ.",
    "image": "",
    "created_at": "2026-03-12T12:39:29.864Z",
    "is_read": true
  }
},
{
  "model": "market.message",
  "pk": 211,
  "fields": {
    "conversation": 25,
    "sender": [
      "user"
    ],
    "content": "РҒРҜР«РўPURCHASE\nuser\n1\n100 000 000\n100 000 000\nAUEC",
    "image": "",
    "created_at": "2026-03-12T12:40:09.264Z",
    "is_read": true
  }
},
{
  "model": "market.message",
  "pk": 212,
  "fields": {
    "conversation": 25,
    "sender": [
      "Louis"
    ],
    "content": "СӮР¬Р•DEAL\nuser\n1\n100 000 000\nAUEC\n0",
    "image": "",
    "created_at": "2026-03-12T12:40:25.930Z",
    "is_read": true
  }
},
{
  "model": "market.message",
  "pk": 213,
  "fields": {
    "conversation": 22,
    "sender": [
      "Louis"
    ],
    "content": "в•ЁРөв•Ёв•ӣв•ӨР—в•ӨР“ в•Ёв•ӣв•Ёв–’в•Ёв•қв•Ёв•Ўв•Ёв•ң! в•ЁРЈв•Ёв•ӣв•ӨР’в•Ёв•ӣв•Ёв–“ в•Ёв•ӣв•Ёв–’в•ӨР‘в•ӨР“в•Ёв”Өв•Ёв••в•ӨР’в•ӨРң в•Ёв•ӣв•Ёв–’в•Ёв•қв•Ёв•Ўв•Ёв•ң в•Ёв•ңв•Ёв–‘ в•Ёв–“в•Ёв–‘в•ӨРҳ в”¬Р»в•ЁР в•Ёв–“в•Ёв–‘в•Ёв•‘ 12в”¬в•—. в•ЁР¬в•Ёв•ӣв•Ёв•ўв•Ёв•Ўв•ӨР’в•Ёв•Ў в•Ёв”җв•ӨРҗв•Ёв•Ўв•Ёв”Өв•Ёв•—в•Ёв•ӣв•Ёв•ўв•Ёв••в•ӨР’в•ӨРң: в•ЁР в•Ёв–“в•Ёв–‘в•Ёв•‘ в•Ёв•ӣв•Ёв–’в•ӨРӣв•ӨР—в•Ёв•ңв•ӨРӣв•Ёв•Ј.",
    "image": "",
    "created_at": "2026-03-12T12:40:58.874Z",
    "is_read": true
  }
},
{
  "model": "market.message",
  "pk": 214,
  "fields": {
    "conversation": 20,
    "sender": [
      "Louis"
    ],
    "content": "в•ЁРөв•Ёв•ӣв•ӨР—в•ӨР“ в•Ёв•ӣв•Ёв–’в•Ёв•қв•Ёв•Ўв•Ёв•ң! в•ЁРЈв•Ёв•ӣв•ӨР’в•Ёв•ӣв•Ёв–“ в•Ёв•ӣв•Ёв–’в•ӨР‘в•ӨР“в•Ёв”Өв•Ёв••в•ӨР’в•ӨРң в•Ёв•ӣв•Ёв–’в•Ёв•қв•Ёв•Ўв•Ёв•ң в•Ёв•ңв•Ёв–‘ в•Ёв–“в•Ёв–‘в•ӨРҳ в”¬Р»в•ЁР в•Ёв–“в•Ёв–‘в•Ёв•‘в”¬в•—. в•ЁР¬в•Ёв•ӣв•Ёв•ўв•Ёв•Ўв•ӨР’в•Ёв•Ў в•Ёв”җв•ӨРҗв•Ёв•Ўв•Ёв”Өв•Ёв•—в•Ёв•ӣв•Ёв•ўв•Ёв••в•ӨР’в•ӨРң: в•ЁР в•Ёв–“в•Ёв–‘в•Ёв•‘ 1.",
    "image": "",
    "created_at": "2026-03-12T12:42:15.226Z",
    "is_read": true
  }
},
{
  "model": "market.message",
  "pk": 215,
  "fields": {
    "conversation": 20,
    "sender": [
      "Louis"
    ],
    "content": "в•ЁРөв•Ёв•ӣв•ӨР—в•ӨР“ в•Ёв•ӣв•Ёв–’в•Ёв•қв•Ёв•Ўв•Ёв•ң! в•ЁРЈв•Ёв•ӣв•ӨР’в•Ёв•ӣв•Ёв–“ в•Ёв•ӣв•Ёв–’в•ӨР‘в•ӨР“в•Ёв”Өв•Ёв••в•ӨР’в•ӨРң в•Ёв•ӣв•Ёв–’в•Ёв•қв•Ёв•Ўв•Ёв•ң в•Ёв•ңв•Ёв–‘ в•Ёв–“в•Ёв–‘в•ӨРҳ в”¬Р»в•ЁР в•Ёв–“в•Ёв–‘в•Ёв•‘в”¬в•—. в•ЁР¬в•Ёв•ӣв•Ёв•ўв•Ёв•Ўв•ӨР’в•Ёв•Ў в•Ёв”җв•ӨРҗв•Ёв•Ўв•Ёв”Өв•Ёв•—в•Ёв•ӣв•Ёв•ўв•Ёв••в•ӨР’в•ӨРң: в•ЁР в•Ёв–“в•Ёв–‘в•Ёв•‘ 1.",
    "image": "",
    "created_at": "2026-03-12T12:56:30.892Z",
    "is_read": true
  }
},
{
  "model": "market.message",
  "pk": 216,
  "fields": {
    "conversation": 22,
    "sender": [
      "Louis"
    ],
    "content": "в•ЁРөв•Ёв•ӣв•ӨР—в•ӨР“ в•Ёв•ӣв•Ёв–’в•Ёв•қв•Ёв•Ўв•Ёв•ң! в•ЁРЈв•Ёв•ӣв•ӨР’в•Ёв•ӣв•Ёв–“ в•Ёв•ӣв•Ёв–’в•ӨР‘в•ӨР“в•Ёв”Өв•Ёв••в•ӨР’в•ӨРң в•Ёв•ӣв•Ёв–’в•Ёв•қв•Ёв•Ўв•Ёв•ң в•Ёв•ңв•Ёв–‘ в•Ёв–“в•Ёв–‘в•ӨРҳ в”¬Р»в•ЁР в•Ёв–“в•Ёв–‘в•Ёв•‘ 12в”¬в•—. в•ЁР¬в•Ёв•ӣв•Ёв•ўв•Ёв•Ўв•ӨР’в•Ёв•Ў в•Ёв”җв•ӨРҗв•Ёв•Ўв•Ёв”Өв•Ёв•—в•Ёв•ӣв•Ёв•ўв•Ёв••в•ӨР’в•ӨРң: в•ЁР в•Ёв–“в•Ёв–‘в•Ёв•‘ в•Ёв•ӣв•Ёв–’в•ӨРӣв•ӨР—в•Ёв•ңв•ӨРӣв•Ёв•Ј.",
    "image": "",
    "created_at": "2026-03-12T12:57:21.219Z",
    "is_read": true
  }
},
{
  "model": "market.message",
  "pk": 217,
  "fields": {
    "conversation": 22,
    "sender": [
      "user"
    ],
    "content": "РҒРҜРӨР” в•ЁР®в•Ёв–’в•Ёв•қв•Ёв•Ўв•Ёв•ң в•Ёв•–в•Ёв–‘в•Ёв–“в•Ёв•Ўв•ӨРҗв•ӨРҳв•ӨРЎв•Ёв•ң\n\nв•ЁРұв•Ёв”Өв•Ёв•Ўв•Ёв•—в•Ёв•‘в•Ёв–‘ в•Ёв”җв•Ёв•ӣ в”¬Р»в•ЁР в•Ёв–“в•Ёв–‘в•Ёв•‘ 12в”¬в•— в•ӨР‘ Louis в•ӨР“в•ӨР‘в•Ёв”җв•Ёв•Ўв•ӨРҳв•Ёв•ңв•Ёв•ӣ в•Ёв•–в•Ёв–‘в•Ёв–“в•Ёв•Ўв•ӨРҗв•ӨРҳв•Ёв•Ўв•Ёв•ңв•Ёв–‘.",
    "image": "",
    "created_at": "2026-03-12T12:57:32.731Z",
    "is_read": true
  }
},
{
  "model": "market.message",
  "pk": 218,
  "fields": {
    "conversation": 14,
    "sender": [
      "Louis"
    ],
    "content": "РҒРҜР«РўPURCHASE\nLouis\n1\n12 323 332 222\n12 323 332 222\nAUEC",
    "image": "",
    "created_at": "2026-03-12T13:55:12.088Z",
    "is_read": true
  }
},
{
  "model": "market.message",
  "pk": 219,
  "fields": {
    "conversation": 14,
    "sender": [
      "user"
    ],
    "content": "СӮР¬Р•DEAL\nLouis\n1\n12 323 332 222\nAUEC\n99",
    "image": "",
    "created_at": "2026-03-12T13:55:33.336Z",
    "is_read": true
  }
},
{
  "model": "market.message",
  "pk": 220,
  "fields": {
    "conversation": 22,
    "sender": [
      "Louis"
    ],
    "content": "в•ЁРөв•Ёв•ӣв•ӨР—в•ӨР“ в•Ёв•ӣв•Ёв–’в•Ёв•қв•Ёв•Ўв•Ёв•ң! в•ЁРЈв•Ёв•ӣв•ӨР’в•Ёв•ӣв•Ёв–“ в•Ёв•ӣв•Ёв–’в•ӨР‘в•ӨР“в•Ёв”Өв•Ёв••в•ӨР’в•ӨРң в•Ёв•ӣв•Ёв–’в•Ёв•қв•Ёв•Ўв•Ёв•ң в•Ёв•ңв•Ёв–‘ в•Ёв–“в•Ёв–‘в•ӨРҳ в”¬Р»в•ЁР в•Ёв–“в•Ёв–‘в•Ёв•‘ 12в”¬в•—. в•ЁР¬в•Ёв•ӣв•Ёв•ўв•Ёв•Ўв•ӨР’в•Ёв•Ў в•Ёв”җв•ӨРҗв•Ёв•Ўв•Ёв”Өв•Ёв•—в•Ёв•ӣв•Ёв•ўв•Ёв••в•ӨР’в•ӨРң: в•ЁР в•Ёв–“в•Ёв–‘в•Ёв•‘ в•Ёв•ӣв•Ёв–’в•ӨРӣв•ӨР—в•Ёв•ңв•ӨРӣв•Ёв•Ј.",
    "image": "",
    "created_at": "2026-03-13T05:24:23.448Z",
    "is_read": true
  }
},
{
  "model": "market.message",
  "pk": 221,
  "fields": {
    "conversation": 22,
    "sender": [
      "user"
    ],
    "content": "РҒРҜРӨР” в•ЁР®в•Ёв–’в•Ёв•қв•Ёв•Ўв•Ёв•ң в•Ёв•–в•Ёв–‘в•Ёв–“в•Ёв•Ўв•ӨРҗв•ӨРҳв•ӨРЎв•Ёв•ң\n\nв•ЁРұв•Ёв”Өв•Ёв•Ўв•Ёв•—в•Ёв•‘в•Ёв–‘ в•Ёв”җв•Ёв•ӣ в”¬Р»в•ЁР в•Ёв–“в•Ёв–‘в•Ёв•‘ 12в”¬в•— в•ӨР‘ Louis в•ӨР“в•ӨР‘в•Ёв”җв•Ёв•Ўв•ӨРҳв•Ёв•ңв•Ёв•ӣ в•Ёв•–в•Ёв–‘в•Ёв–“в•Ёв•Ўв•ӨРҗв•ӨРҳв•Ёв•Ўв•Ёв•ңв•Ёв–‘.",
    "image": "",
    "created_at": "2026-03-13T05:24:33.812Z",
    "is_read": true
  }
},
{
  "model": "market.message",
  "pk": 222,
  "fields": {
    "conversation": 1,
    "sender": [
      "user"
    ],
    "content": "в•ӨРӣв•Ёв–“в•Ёв–‘в•ӨРҗв•Ёв”җв•Ёв•ӣв•Ёв”җв•Ёв–“",
    "image": "",
    "created_at": "2026-03-13T08:42:19.413Z",
    "is_read": true
  }
},
{
  "model": "market.message",
  "pk": 223,
  "fields": {
    "conversation": 1,
    "sender": [
      "user"
    ],
    "content": "в•ӨРҗв•Ёв•ӣв•Ёв”җв•Ёв–‘в•Ёв•ӣв•Ёв•—в•Ёв”җ",
    "image": "",
    "created_at": "2026-03-13T08:42:20.387Z",
    "is_read": true
  }
},
{
  "model": "market.message",
  "pk": 224,
  "fields": {
    "conversation": 1,
    "sender": [
      "user"
    ],
    "content": "в•Ёв–“в•Ёв–‘в•Ёв”Өв•Ёв•ӣв•Ёв”җв•ӨРҗв•Ёв–“в•Ёв–‘в•Ёв”җ\\",
    "image": "",
    "created_at": "2026-03-13T08:42:21.150Z",
    "is_read": true
  }
},
{
  "model": "market.message",
  "pk": 225,
  "fields": {
    "conversation": 1,
    "sender": [
      "user"
    ],
    "content": "в•Ёв–“в•Ёв–‘в•Ёв•—в•Ёв”җв•Ёв•ӣв•ӨРҗв•Ёв–“в•Ёв–‘в•Ёв”җ",
    "image": "",
    "created_at": "2026-03-13T08:42:21.918Z",
    "is_read": true
  }
},
{
  "model": "market.message",
  "pk": 226,
  "fields": {
    "conversation": 1,
    "sender": [
      "user"
    ],
    "content": "в•ӨР—в•Ёв••в•ӨР’в•Ёв•ӣ в•ӨР’в•Ёв–‘в•Ёв•қ",
    "image": "",
    "created_at": "2026-03-13T12:07:52.544Z",
    "is_read": true
  }
},
{
  "model": "market.message",
  "pk": 227,
  "fields": {
    "conversation": 1,
    "sender": [
      "Louis"
    ],
    "content": "в•Ёв”Өв•Ёв–‘ в•Ёв–“в•ӨР‘в•Ёв•Ў в•Ёв•ңв•Ёв•ӣв•ӨРҗв•Ёв•қ",
    "image": "",
    "created_at": "2026-03-13T12:08:07.796Z",
    "is_read": true
  }
},
{
  "model": "market.message",
  "pk": 228,
  "fields": {
    "conversation": 28,
    "sender": [
      "user"
    ],
    "content": "в•Ёв•ӣв•ӨРҗв•Ёв–“в•Ёв–‘в•Ёв”җв•Ёв–“в•ӨРӣв•Ёв–‘в•Ёв•ӣ",
    "image": "",
    "created_at": "2026-03-13T13:56:35.679Z",
    "is_read": true
  }
},
{
  "model": "market.message",
  "pk": 229,
  "fields": {
    "conversation": 28,
    "sender": [
      "user"
    ],
    "content": "в•Ёв–“в•ӨРӣв•Ёв–‘в•Ёв•ӣв•Ёв–“в•ӨРӣв•ӨРҗв•ӨРӣв•Ёв–“в•Ёв”Өв•Ёв•—",
    "image": "",
    "created_at": "2026-03-13T13:56:38.847Z",
    "is_read": true
  }
},
{
  "model": "market.message",
  "pk": 230,
  "fields": {
    "conversation": 28,
    "sender": [
      "user"
    ],
    "content": "в•ӨРӣв•Ёв–“в•Ёв–‘",
    "image": "",
    "created_at": "2026-03-13T13:56:39.196Z",
    "is_read": true
  }
},
{
  "model": "market.message",
  "pk": 231,
  "fields": {
    "conversation": 20,
    "sender": [
      "Louis"
    ],
    "content": "в•ЁРөв•Ёв•ӣв•ӨР—в•ӨР“ в•Ёв•ӣв•Ёв–’в•Ёв•қв•Ёв•Ўв•Ёв•ң! в•ЁРЈв•Ёв•ӣв•ӨР’в•Ёв•ӣв•Ёв–“ в•Ёв•ӣв•Ёв–’в•ӨР‘в•ӨР“в•Ёв”Өв•Ёв••в•ӨР’в•ӨРң в•Ёв•ӣв•Ёв–’в•Ёв•қв•Ёв•Ўв•Ёв•ң в•Ёв•ңв•Ёв–‘ в•Ёв–“в•Ёв–‘в•ӨРҳ в”¬Р»в•ЁР в•Ёв–“в•Ёв–‘в•Ёв•‘в”¬в•—. в•ЁР¬в•Ёв•ӣв•Ёв•ўв•Ёв•Ўв•ӨР’в•Ёв•Ў в•Ёв”җв•ӨРҗв•Ёв•Ўв•Ёв”Өв•Ёв•—в•Ёв•ӣв•Ёв•ўв•Ёв••в•ӨР’в•ӨРң: в•ЁР в•Ёв–“в•Ёв–‘в•Ёв•‘ 1.",
    "image": "",
    "created_at": "2026-03-13T14:05:30.860Z",
    "is_read": true
  }
},
{
  "model": "market.message",
  "pk": 232,
  "fields": {
    "conversation": 20,
    "sender": [
      "Louis"
    ],
    "content": "в•ЁРөв•Ёв•ӣв•ӨР—в•ӨР“ в•Ёв•ӣв•Ёв–’в•Ёв•қв•Ёв•Ўв•Ёв•ң! в•ЁРЈв•Ёв•ӣв•ӨР’в•Ёв•ӣв•Ёв–“ в•Ёв•ӣв•Ёв–’в•ӨР‘в•ӨР“в•Ёв”Өв•Ёв••в•ӨР’в•ӨРң в•Ёв•ӣв•Ёв–’в•Ёв•қв•Ёв•Ўв•Ёв•ң в•Ёв•ңв•Ёв–‘ в•Ёв–“в•Ёв–‘в•ӨРҳ в”¬Р»в•ЁР в•Ёв–“в•Ёв–‘в•Ёв•‘в”¬в•—. в•ЁР¬в•Ёв•ӣв•Ёв•ўв•Ёв•Ўв•ӨР’в•Ёв•Ў в•Ёв”җв•ӨРҗв•Ёв•Ўв•Ёв”Өв•Ёв•—в•Ёв•ӣв•Ёв•ўв•Ёв••в•ӨР’в•ӨРң: в•ЁР в•Ёв–“в•Ёв–‘в•Ёв•‘ 1.",
    "image": "",
    "created_at": "2026-03-13T14:17:43.872Z",
    "is_read": true
  }
},
{
  "model": "market.message",
  "pk": 233,
  "fields": {
    "conversation": 22,
    "sender": [
      "Louis"
    ],
    "content": "в•ЁРөв•Ёв•ӣв•ӨР—в•ӨР“ в•Ёв•ӣв•Ёв–’в•Ёв•қв•Ёв•Ўв•Ёв•ң! в•ЁРЈв•Ёв•ӣв•ӨР’в•Ёв•ӣв•Ёв–“ в•Ёв•ӣв•Ёв–’в•ӨР‘в•ӨР“в•Ёв”Өв•Ёв••в•ӨР’в•ӨРң в•Ёв•ӣв•Ёв–’в•Ёв•қв•Ёв•Ўв•Ёв•ң в•Ёв•ңв•Ёв–‘ в•Ёв–“в•Ёв–‘в•ӨРҳ в”¬Р»в•ЁР в•Ёв–“в•Ёв–‘в•Ёв•‘ 12в”¬в•—. в•ЁР¬в•Ёв•ӣв•Ёв•ўв•Ёв•Ўв•ӨР’в•Ёв•Ў в•Ёв”җв•ӨРҗв•Ёв•Ўв•Ёв”Өв•Ёв•—в•Ёв•ӣв•Ёв•ўв•Ёв••в•ӨР’в•ӨРң: в•ЁР в•Ёв–“в•Ёв–‘в•Ёв•‘ в•Ёв•ӣв•Ёв–’в•ӨРӣв•ӨР—в•Ёв•ңв•ӨРӣв•Ёв•Ј.",
    "image": "",
    "created_at": "2026-03-13T14:18:49.306Z",
    "is_read": true
  }
},
{
  "model": "market.message",
  "pk": 234,
  "fields": {
    "conversation": 22,
    "sender": [
      "user"
    ],
    "content": "РҒРҜРӨР” в•ЁР®в•Ёв–’в•Ёв•қв•Ёв•Ўв•Ёв•ң в•Ёв•–в•Ёв–‘в•Ёв–“в•Ёв•Ўв•ӨРҗв•ӨРҳв•ӨРЎв•Ёв•ң\n\nв•ЁРұв•Ёв”Өв•Ёв•Ўв•Ёв•—в•Ёв•‘в•Ёв–‘ в•Ёв”җв•Ёв•ӣ в”¬Р»в•ЁР в•Ёв–“в•Ёв–‘в•Ёв•‘ 12в”¬в•— в•ӨР‘ Louis в•ӨР“в•ӨР‘в•Ёв”җв•Ёв•Ўв•ӨРҳв•Ёв•ңв•Ёв•ӣ в•Ёв•–в•Ёв–‘в•Ёв–“в•Ёв•Ўв•ӨРҗв•ӨРҳв•Ёв•Ўв•Ёв•ңв•Ёв–‘.",
    "image": "",
    "created_at": "2026-03-13T14:25:59.824Z",
    "is_read": true
  }
},
{
  "model": "market.message",
  "pk": 235,
  "fields": {
    "conversation": 22,
    "sender": [
      "Louis"
    ],
    "content": "в•ЁРөв•Ёв•ӣв•ӨР—в•ӨР“ в•Ёв•ӣв•Ёв–’в•Ёв•қв•Ёв•Ўв•Ёв•ң! в•ЁРЈв•Ёв•ӣв•ӨР’в•Ёв•ӣв•Ёв–“ в•Ёв•ӣв•Ёв–’в•ӨР‘в•ӨР“в•Ёв”Өв•Ёв••в•ӨР’в•ӨРң в•Ёв•ӣв•Ёв–’в•Ёв•қв•Ёв•Ўв•Ёв•ң в•Ёв•ңв•Ёв–‘ в•Ёв–“в•Ёв–‘в•ӨРҳ в”¬Р»в•ЁР в•Ёв–“в•Ёв–‘в•Ёв•‘ 12в”¬в•—. в•ЁР¬в•Ёв•ӣв•Ёв•ўв•Ёв•Ўв•ӨР’в•Ёв•Ў в•Ёв”җв•ӨРҗв•Ёв•Ўв•Ёв”Өв•Ёв•—в•Ёв•ӣв•Ёв•ўв•Ёв••в•ӨР’в•ӨРң: в•ЁР в•Ёв–“в•Ёв–‘в•Ёв•‘ в•Ёв•ӣв•Ёв–’в•ӨРӣв•ӨР—в•Ёв•ңв•ӨРӣв•Ёв•Ј.",
    "image": "",
    "created_at": "2026-03-13T14:26:25.808Z",
    "is_read": true
  }
},
{
  "model": "market.message",
  "pk": 236,
  "fields": {
    "conversation": 22,
    "sender": [
      "user"
    ],
    "content": "РҒРҜРӨР” в•ЁР®в•Ёв–’в•Ёв•қв•Ёв•Ўв•Ёв•ң в•Ёв•–в•Ёв–‘в•Ёв–“в•Ёв•Ўв•ӨРҗв•ӨРҳв•ӨРЎв•Ёв•ң\n\nв•ЁРұв•Ёв”Өв•Ёв•Ўв•Ёв•—в•Ёв•‘в•Ёв–‘ в•Ёв”җв•Ёв•ӣ в”¬Р»в•ЁР в•Ёв–“в•Ёв–‘в•Ёв•‘ 12в”¬в•— в•ӨР‘ Louis в•ӨР“в•ӨР‘в•Ёв”җв•Ёв•Ўв•ӨРҳв•Ёв•ңв•Ёв•ӣ в•Ёв•–в•Ёв–‘в•Ёв–“в•Ёв•Ўв•ӨРҗв•ӨРҳв•Ёв•Ўв•Ёв•ңв•Ёв–‘.",
    "image": "",
    "created_at": "2026-03-13T14:29:43.363Z",
    "is_read": true
  }
},
{
  "model": "market.message",
  "pk": 237,
  "fields": {
    "conversation": 26,
    "sender": [
      "user"
    ],
    "content": "в•ЁРөв•Ёв•ӣв•ӨР—в•ӨР“ в•Ёв•ӣв•Ёв–’в•Ёв•қв•Ёв•Ўв•Ёв•ң! в•ЁРЈв•Ёв•ӣв•ӨР’в•Ёв•ӣв•Ёв–“ в•Ёв•ӣв•Ёв–’в•ӨР‘в•ӨР“в•Ёв”Өв•Ёв••в•ӨР’в•ӨРң в•Ёв•ӣв•Ёв–’в•Ёв•қв•Ёв•Ўв•Ёв•ң в•Ёв•ңв•Ёв–‘ в•Ёв–“в•Ёв–‘в•ӨРҳ в”¬Р»в•Ёв–“в•Ёв–‘в•Ёв–“в•ӨРӣв•Ёв–‘в”¬в•—. в•ЁР¬в•Ёв•ӣв•Ёв•ўв•Ёв•Ўв•ӨР’в•Ёв•Ў в•Ёв”җв•ӨРҗв•Ёв•Ўв•Ёв”Өв•Ёв•—в•Ёв•ӣв•Ёв•ўв•Ёв••в•ӨР’в•ӨРң: в•Ёв”җв•Ёв–“в•ӨРӣв•Ёв–“в•Ёв–‘.",
    "image": "",
    "created_at": "2026-03-13T14:43:17.291Z",
    "is_read": true
  }
},
{
  "model": "market.message",
  "pk": 238,
  "fields": {
    "conversation": 26,
    "sender": [
      "Louis"
    ],
    "content": "РҒРҜРӨР” в•ЁР®в•Ёв–’в•Ёв•қв•Ёв•Ўв•Ёв•ң в•Ёв•–в•Ёв–‘в•Ёв–“в•Ёв•Ўв•ӨРҗв•ӨРҳв•ӨРЎв•Ёв•ң\n\nв•ЁРұв•Ёв”Өв•Ёв•Ўв•Ёв•—в•Ёв•‘в•Ёв–‘ в•Ёв”җв•Ёв•ӣ в”¬Р»в•Ёв–“в•Ёв–‘в•Ёв–“в•ӨРӣв•Ёв–‘в”¬в•— в•ӨР‘ user в•ӨР“в•ӨР‘в•Ёв”җв•Ёв•Ўв•ӨРҳв•Ёв•ңв•Ёв•ӣ в•Ёв•–в•Ёв–‘в•Ёв–“в•Ёв•Ўв•ӨРҗв•ӨРҳв•Ёв•Ўв•Ёв•ңв•Ёв–‘.",
    "image": "",
    "created_at": "2026-03-13T14:43:33.953Z",
    "is_read": true
  }
},
{
  "model": "market.message",
  "pk": 239,
  "fields": {
    "conversation": 5,
    "sender": [
      "Louis"
    ],
    "content": "РҒРҜР«РўPURCHASE\nLouis\n1\n8 000 000\n8 000 000\nAUEC",
    "image": "",
    "created_at": "2026-03-16T06:37:01.358Z",
    "is_read": true
  }
},
{
  "model": "market.message",
  "pk": 240,
  "fields": {
    "conversation": 5,
    "sender": [
      "Louis"
    ],
    "content": "в•Ёв•ӣв•Ёв•‘",
    "image": "",
    "created_at": "2026-03-16T06:37:05.710Z",
    "is_read": true
  }
},
{
  "model": "market.message",
  "pk": 241,
  "fields": {
    "conversation": 26,
    "sender": [
      "user"
    ],
    "content": "РҒРҜР«РўPURCHASE\nuser\n1\n0\n0\nAUEC",
    "image": "",
    "created_at": "2026-03-16T07:01:35.315Z",
    "is_read": true
  }
},
{
  "model": "market.message",
  "pk": 242,
  "fields": {
    "conversation": 26,
    "sender": [
      "Louis"
    ],
    "content": "СӮР¬Р•DEAL\nuser\n1\n0\nAUEC\n2",
    "image": "",
    "created_at": "2026-03-16T07:06:59.597Z",
    "is_read": true
  }
},
{
  "model": "market.message",
  "pk": 243,
  "fields": {
    "conversation": 5,
    "sender": [
      "user"
    ],
    "content": "СӮР¬Р•DEAL\nLouis\n1\n8 000 000\nAUEC\n0",
    "image": "",
    "created_at": "2026-03-16T07:07:29.940Z",
    "is_read": true
  }
},
{
  "model": "market.message",
  "pk": 244,
  "fields": {
    "conversation": 5,
    "sender": [
      "Louis"
    ],
    "content": "РҒРҜР«РўPURCHASE\nLouis\n1\n8 000 000\n8 000 000\nAUEC",
    "image": "",
    "created_at": "2026-03-16T07:12:07.448Z",
    "is_read": true
  }
},
{
  "model": "market.message",
  "pk": 245,
  "fields": {
    "conversation": 5,
    "sender": [
      "user"
    ],
    "content": "СӮР¬Р•DEAL\nLouis\n1\n8 000 000\nAUEC\n3",
    "image": "",
    "created_at": "2026-03-16T07:12:19.051Z",
    "is_read": true
  }
},
{
  "model": "market.message",
  "pk": 246,
  "fields": {
    "conversation": 4,
    "sender": [
      "Louis"
    ],
    "content": "РҒРҜР«РўPURCHASE\nLouis\n1\n800 000\n800 000\nAUEC",
    "image": "",
    "created_at": "2026-03-16T07:19:52.242Z",
    "is_read": true
  }
},
{
  "model": "market.message",
  "pk": 247,
  "fields": {
    "conversation": 4,
    "sender": [
      "user"
    ],
    "content": "СӮР¬Р•DEAL\nLouis\n1\n800 000\nAUEC\n0",
    "image": "",
    "created_at": "2026-03-16T07:20:13.585Z",
    "is_read": true
  }
},
{
  "model": "market.message",
  "pk": 248,
  "fields": {
    "conversation": 5,
    "sender": [
      "Louis"
    ],
    "content": "в•ЁРөв•Ёв•ӣв•ӨР—в•ӨР“ в•Ёв•ӣв•Ёв–’в•Ёв•қв•Ёв•Ўв•Ёв•ң! в•ЁРЈв•Ёв•ӣв•ӨР’в•Ёв•ӣв•Ёв–“ в•Ёв•ӣв•Ёв–’в•ӨР‘в•ӨР“в•Ёв”Өв•Ёв••в•ӨР’в•ӨРң в•Ёв•ӣв•Ёв–’в•Ёв•қв•Ёв•Ўв•Ёв•ң в•Ёв•ңв•Ёв–‘ в•Ёв–“в•Ёв–‘в•ӨРҳ в”¬Р»в•ЁРӯв•ӨР“в•Ёв•ўв•Ёв•ңв•ӨРӣ в•ӨРҗв•Ёв•Ўв•ӨР‘в•ӨР“в•ӨРҗв•ӨР‘в•ӨРӣ. в•ЁР®в•Ёв–’в•Ёв•қв•Ёв•Ўв•Ёв•ңв•ӨРҹв•ӨРһ в•Ёв•ңв•Ёв–‘ в•Ёв–’в•ӨРҗв•Ёв•ӣв•Ёв•ңв•ӨРһ в•Ёв••в•Ёв•—в•Ёв•• в•Ёв•қв•Ёв•Ўв•Ёв”Өв•Ёв–‘в•Ёв•—в•Ёв•• в•ӨР’в•Ёв–‘в•Ёв•‘в•Ёв•ўв•Ёв•Ў в•Ёв•Ўв•ӨР‘в•ӨР’в•ӨРң в•Ёв•‘в•Ёв–‘в•ӨРҗв•ӨР’в•ӨРӣ ASDв”¬в•—. в•ЁР¬в•Ёв•ӣв•Ёв•ўв•Ёв•Ўв•ӨР’в•Ёв•Ў в•Ёв”җв•ӨРҗв•Ёв•Ўв•Ёв”Өв•Ёв•—в•Ёв•ӣв•Ёв•ўв•Ёв••в•ӨР’в•ӨРң: в•ЁРЎв•ӨРҗв•Ёв•ӣв•Ёв•ңв•ӨРҹ, в•ЁРӯв•Ёв–‘в•Ёв”Ӯв•ӨРҗв•ӨР“в•Ёв”Өв•Ёв•ңв•Ёв–‘в•ӨРҹ в•Ёв–’в•ӨРҗв•Ёв•ӣв•Ёв•ңв•ӨРҹ, в•ЁРҜв•ӨРҗв•Ёв•ӣв•ӨР—в•Ёв••в•Ёв•Ў в•ӨР’в•Ёв•ӣв•Ёв–“в•Ёв–‘в•ӨРҗв•ӨРӣ, в•ЁРёв•Ёв•—в•Ёв•Ўв•Ёв•қв•ӨРӣ.",
    "image": "",
    "created_at": "2026-03-16T07:20:29.825Z",
    "is_read": true
  }
},
{
  "model": "market.message",
  "pk": 249,
  "fields": {
    "conversation": 5,
    "sender": [
      "user"
    ],
    "content": "РҒРҜРӨР” в•ЁР®в•Ёв–’в•Ёв•қв•Ёв•Ўв•Ёв•ң в•Ёв•–в•Ёв–‘в•Ёв–“в•Ёв•Ўв•ӨРҗв•ӨРҳв•ӨРЎв•Ёв•ң\n\nв•ЁРұв•Ёв”Өв•Ёв•Ўв•Ёв•—в•Ёв•‘в•Ёв–‘ в•Ёв”җв•Ёв•ӣ в”¬Р»в•ЁРӯв•ӨР“в•Ёв•ўв•Ёв•ңв•ӨРӣ в•ӨРҗв•Ёв•Ўв•ӨР‘в•ӨР“в•ӨРҗв•ӨР‘в•ӨРӣ. в•ЁР®в•Ёв–’в•Ёв•қв•Ёв•Ўв•Ёв•ңв•ӨРҹв•ӨРһ в•Ёв•ңв•Ёв–‘ в•Ёв–’в•ӨРҗв•Ёв•ӣв•Ёв•ңв•ӨРһ в•Ёв••в•Ёв•—в•Ёв•• в•Ёв•қв•Ёв•Ўв•Ёв”Өв•Ёв–‘в•Ёв•—в•Ёв•• в•ӨР’в•Ёв–‘в•Ёв•‘в•Ёв•ўв•Ёв•Ў в•Ёв•Ўв”¬в•— в•ӨР‘ Louis в•ӨР“в•ӨР‘в•Ёв”җв•Ёв•Ўв•ӨРҳв•Ёв•ңв•Ёв•ӣ в•Ёв•–в•Ёв–‘в•Ёв–“в•Ёв•Ўв•ӨРҗв•ӨРҳв•Ёв•Ўв•Ёв•ңв•Ёв–‘.",
    "image": "",
    "created_at": "2026-03-16T07:20:44.318Z",
    "is_read": true
  }
},
{
  "model": "market.message",
  "pk": 250,
  "fields": {
    "conversation": 8,
    "sender": [
      "Louis"
    ],
    "content": "в•ЁРөв•Ёв•ӣв•ӨР—в•ӨР“ в•Ёв”җв•ӨРҗв•Ёв•ӣв•Ёв”Өв•Ёв–‘в•ӨР’в•ӨРң! в•ЁРі в•Ёв•қв•Ёв•Ўв•Ёв•ңв•ӨРҹ в•Ёв•Ўв•ӨР‘в•ӨР’в•ӨРң в•ӨР’в•Ёв•ӣ, в•ӨР—в•ӨР’в•Ёв•ӣ в•Ёв–“в•ӨРӣ в•Ёв••в•ӨРҷв•Ёв•Ўв•ӨР’в•Ёв•Ў (в”¬Р»в•ӨРӣв•Ёв–“в•Ёв–‘в•Ёв•ӣв•Ёв•—в•Ёв”җв•ӨРҗв•ӨРӣв•Ёв–“в•Ёв•—в•Ёв”Өв•ӨРҗв•Ёв–‘в•Ёв–“в•ӨРӣв•Ёв”Өв•Ёв•—в”¬в•—). в•ЁРӨв•Ёв–‘в•Ёв–“в•Ёв–‘в•Ёв•Јв•ӨР’в•Ёв•Ў в•Ёв•ӣв•Ёв–’в•ӨР‘в•ӨР“в•Ёв”Өв•Ёв••в•Ёв•қ в•Ёв–“ в•ӨР—в•Ёв–‘в•ӨР’в•Ёв•Ў.",
    "image": "",
    "created_at": "2026-03-16T09:58:35.386Z",
    "is_read": true
  }
},
{
  "model": "market.message",
  "pk": 251,
  "fields": {
    "conversation": 9,
    "sender": [
      "Louis"
    ],
    "content": "РҒРҜР«РўPURCHASE\nLouis\n1\n800 452\n800 452\nAUEC",
    "image": "",
    "created_at": "2026-03-16T09:59:24.949Z",
    "is_read": true
  }
},
{
  "model": "market.message",
  "pk": 252,
  "fields": {
    "conversation": 25,
    "sender": [
      "user"
    ],
    "content": "РҒРҜР«РўPURCHASE\nuser\n1\n100 000 000\n100 000 000\nAUEC",
    "image": "",
    "created_at": "2026-03-16T09:59:50.604Z",
    "is_read": true
  }
},
{
  "model": "market.message",
  "pk": 253,
  "fields": {
    "conversation": 25,
    "sender": [
      "user"
    ],
    "content": "в•ЁРөв•Ёв•ӣв•ӨР—в•ӨР“ в•Ёв•ӣв•Ёв–’в•Ёв•қв•Ёв•Ўв•Ёв•ң! в•ЁРЈв•Ёв•ӣв•ӨР’в•Ёв•ӣв•Ёв–“ в•Ёв•ӣв•Ёв–’в•ӨР‘в•ӨР“в•Ёв”Өв•Ёв••в•ӨР’в•ӨРң в•Ёв•ӣв•Ёв–’в•Ёв•қв•Ёв•Ўв•Ёв•ң в•Ёв•ңв•Ёв–‘ в•Ёв–“в•Ёв–‘в•ӨРҳ в”¬Р»в•Ёв–“в•ӨРӣв•Ёв–‘в•Ёв–“в•ӨРӣв•Ёв–‘в”¬в•—. в•ЁР¬в•Ёв•ӣв•Ёв•ўв•Ёв•Ўв•ӨР’в•Ёв•Ў в•Ёв”җв•ӨРҗв•Ёв•Ўв•Ёв”Өв•Ёв•—в•Ёв•ӣв•Ёв•ўв•Ёв••в•ӨР’в•ӨРң: в•ӨР—в•ӨР’в•Ёв•ӣ-в•ӨР’в•Ёв•ӣ.",
    "image": "",
    "created_at": "2026-03-16T09:59:54.948Z",
    "is_read": true
  }
},
{
  "model": "market.message",
  "pk": 254,
  "fields": {
    "conversation": 9,
    "sender": [
      "user"
    ],
    "content": "СӮРӯРң в•ЁР§в•Ёв–‘в•Ёв•‘в•Ёв–‘в•Ёв•– в•Ёв•ӣв•ӨР’в•Ёв•қв•Ёв•Ўв•Ёв•ңв•ӨРЎв•Ёв•ң\n\nв•ЁРҜв•ӨРҗв•Ёв•ӣв•Ёв”Өв•Ёв–‘в•Ёв–“в•Ёв•Ўв•ӨР– в•Ёв•ӣв•ӨР’в•Ёв•қв•Ёв•Ўв•Ёв•ңв•Ёв••в•Ёв•— в•Ёв•–в•Ёв–‘в•Ёв•‘в•Ёв–‘в•Ёв•– в•Ёв•ңв•Ёв–‘ 1 в•ӨРҳв•ӨР’.\nв•ЁРҜв•ӨРҗв•Ёв••в•ӨР—в•Ёв••в•Ёв•ңв•Ёв–‘: в•ӨР’в•Ёв•ӣв•Ёв–“в•Ёв–‘в•ӨРҗв•Ёв–‘ в•Ёв•ңв•Ёв•Ўв•ӨР’ в•Ёв–“ в•Ёв•ңв•Ёв–‘в•Ёв•—в•Ёв••в•ӨР—в•Ёв••в•Ёв••",
    "image": "",
    "created_at": "2026-03-16T10:00:22.638Z",
    "is_read": true
  }
},
{
  "model": "market.message",
  "pk": 255,
  "fields": {
    "conversation": 8,
    "sender": [
      "Louis"
    ],
    "content": "в•ЁРөв•Ёв•ӣв•ӨР—в•ӨР“ в•Ёв”җв•ӨРҗв•Ёв•ӣв•Ёв”Өв•Ёв–‘в•ӨР’в•ӨРң! в•ЁРі в•Ёв•қв•Ёв•Ўв•Ёв•ңв•ӨРҹ в•Ёв•Ўв•ӨР‘в•ӨР’в•ӨРң в•ӨР’в•Ёв•ӣ, в•ӨР—в•ӨР’в•Ёв•ӣ в•Ёв–“в•ӨРӣ в•Ёв••в•ӨРҷв•Ёв•Ўв•ӨР’в•Ёв•Ў (в”¬Р»в•ӨРӣв•Ёв–“в•Ёв–‘в•Ёв•ӣв•Ёв•—в•Ёв”җв•ӨРҗв•ӨРӣв•Ёв–“в•Ёв•—в•Ёв”Өв•ӨРҗв•Ёв–‘в•Ёв–“в•ӨРӣв•Ёв”Өв•Ёв•—в”¬в•—). в•ЁРӨв•Ёв–‘в•Ёв–“в•Ёв–‘в•Ёв•Јв•ӨР’в•Ёв•Ў в•Ёв•ӣв•Ёв–’в•ӨР‘в•ӨР“в•Ёв”Өв•Ёв••в•Ёв•қ в•Ёв–“ в•ӨР—в•Ёв–‘в•ӨР’в•Ёв•Ў.",
    "image": "",
    "created_at": "2026-03-16T10:01:53.622Z",
    "is_read": true
  }
},
{
  "model": "market.message",
  "pk": 256,
  "fields": {
    "conversation": 25,
    "sender": [
      "Louis"
    ],
    "content": "СӮРӯРң в•ЁР§в•Ёв–‘в•Ёв•‘в•Ёв–‘в•Ёв•– в•Ёв•ӣв•ӨР’в•Ёв•қв•Ёв•Ўв•Ёв•ңв•ӨРЎв•Ёв•ң\n\nв•ЁРҜв•ӨРҗв•Ёв•ӣв•Ёв”Өв•Ёв–‘в•Ёв–“в•Ёв•Ўв•ӨР– в•Ёв•ӣв•ӨР’в•Ёв•қв•Ёв•Ўв•Ёв•ңв•Ёв••в•Ёв•— в•Ёв•–в•Ёв–‘в•Ёв•‘в•Ёв–‘в•Ёв•– в•Ёв•ңв•Ёв–‘ 1 в•ӨРҳв•ӨР’.\nв•ЁРҜв•ӨРҗв•Ёв••в•ӨР—в•Ёв••в•Ёв•ңв•Ёв–‘: в•ӨР’в•Ёв•ӣв•Ёв–“в•Ёв–‘в•ӨРҗв•Ёв–‘ в•Ёв•ңв•Ёв•Ўв•ӨР’ в•Ёв–“ в•Ёв•ңв•Ёв–‘в•Ёв•—в•Ёв••в•ӨР—в•Ёв••в•Ёв••",
    "image": "",
    "created_at": "2026-03-16T10:03:58.233Z",
    "is_read": true
  }
},
{
  "model": "market.message",
  "pk": 257,
  "fields": {
    "conversation": 8,
    "sender": [
      "Louis"
    ],
    "content": "в•ЁРөв•Ёв•ӣв•ӨР—в•ӨР“ в•Ёв”җв•ӨРҗв•Ёв•ӣв•Ёв”Өв•Ёв–‘в•ӨР’в•ӨРң! в•ЁРі в•Ёв•қв•Ёв•Ўв•Ёв•ңв•ӨРҹ в•Ёв•Ўв•ӨР‘в•ӨР’в•ӨРң в•ӨР’в•Ёв•ӣ, в•ӨР—в•ӨР’в•Ёв•ӣ в•Ёв–“в•ӨРӣ в•Ёв••в•ӨРҷв•Ёв•Ўв•ӨР’в•Ёв•Ў (в”¬Р»в•ӨРӣв•Ёв–“в•Ёв–‘в•Ёв•ӣв•Ёв•—в•Ёв”җв•ӨРҗв•ӨРӣв•Ёв–“в•Ёв•—в•Ёв”Өв•ӨРҗв•Ёв–‘в•Ёв–“в•ӨРӣв•Ёв”Өв•Ёв•—в”¬в•—). в•ЁРӨв•Ёв–‘в•Ёв–“в•Ёв–‘в•Ёв•Јв•ӨР’в•Ёв•Ў в•Ёв•ӣв•Ёв–’в•ӨР‘в•ӨР“в•Ёв”Өв•Ёв••в•Ёв•қ в•Ёв–“ в•ӨР—в•Ёв–‘в•ӨР’в•Ёв•Ў.",
    "image": "",
    "created_at": "2026-03-16T10:04:08.104Z",
    "is_read": true
  }
},
{
  "model": "market.message",
  "pk": 258,
  "fields": {
    "conversation": 25,
    "sender": [
      "user"
    ],
    "content": "РҒРҜР«РўPURCHASE\nuser\n1\n100 000 000\n100 000 000\nAUEC",
    "image": "",
    "created_at": "2026-03-16T10:08:49.100Z",
    "is_read": true
  }
},
{
  "model": "market.message",
  "pk": 259,
  "fields": {
    "conversation": 25,
    "sender": [
      "Louis"
    ],
    "content": "СӮР¬Р•DEAL\nuser\n1\n100 000 000\nAUEC\n1",
    "image": "",
    "created_at": "2026-03-16T10:09:14.493Z",
    "is_read": true
  }
},
{
  "model": "market.message",
  "pk": 260,
  "fields": {
    "conversation": 25,
    "sender": [
      "user"
    ],
    "content": "в•ЁРөв•Ёв•ӣв•ӨР—в•ӨР“ в•Ёв”җв•ӨРҗв•Ёв•ӣв•Ёв”Өв•Ёв–‘в•ӨР’в•ӨРң! в•ЁРі в•Ёв•қв•Ёв•Ўв•Ёв•ңв•ӨРҹ в•Ёв•Ўв•ӨР‘в•ӨР’в•ӨРң в•ӨР’в•Ёв•ӣ, в•ӨР—в•ӨР’в•Ёв•ӣ в•Ёв–“в•ӨРӣ в•Ёв••в•ӨРҷв•Ёв•Ўв•ӨР’в•Ёв•Ў (в”¬Р»в•Ёв–“в•ӨРӣв•Ёв–‘в•Ёв–“в•ӨРӣв•Ёв–‘в”¬в•—). в•ЁРӨв•Ёв–‘в•Ёв–“в•Ёв–‘в•Ёв•Јв•ӨР’в•Ёв•Ў в•Ёв•ӣв•Ёв–’в•ӨР‘в•ӨР“в•Ёв”Өв•Ёв••в•Ёв•қ в•Ёв–“ в•ӨР—в•Ёв–‘в•ӨР’в•Ёв•Ў.",
    "image": "",
    "created_at": "2026-03-16T10:13:38.208Z",
    "is_read": true
  }
},
{
  "model": "market.message",
  "pk": 261,
  "fields": {
    "conversation": 25,
    "sender": [
      "user"
    ],
    "content": "в•ЁРөв•Ёв•ӣв•ӨР—в•ӨР“ в•Ёв”җв•ӨРҗв•Ёв•ӣв•Ёв”Өв•Ёв–‘в•ӨР’в•ӨРң! в•ЁРі в•Ёв•қв•Ёв•Ўв•Ёв•ңв•ӨРҹ в•Ёв•Ўв•ӨР‘в•ӨР’в•ӨРң в•ӨР’в•Ёв•ӣ, в•ӨР—в•ӨР’в•Ёв•ӣ в•Ёв–“в•ӨРӣ в•Ёв••в•ӨРҷв•Ёв•Ўв•ӨР’в•Ёв•Ў (в”¬Р»в•Ёв–“в•ӨРӣв•Ёв–‘в•Ёв–“в•ӨРӣв•Ёв–‘в”¬в•—). в•ЁРӨв•Ёв–‘в•Ёв–“в•Ёв–‘в•Ёв•Јв•ӨР’в•Ёв•Ў в•Ёв•ӣв•Ёв–’в•ӨР‘в•ӨР“в•Ёв”Өв•Ёв••в•Ёв•қ в•Ёв–“ в•ӨР—в•Ёв–‘в•ӨР’в•Ёв•Ў.",
    "image": "",
    "created_at": "2026-03-16T10:15:10.266Z",
    "is_read": true
  }
},
{
  "model": "market.message",
  "pk": 262,
  "fields": {
    "conversation": 25,
    "sender": [
      "user"
    ],
    "content": "в•ЁРөв•Ёв•ӣв•ӨР—в•ӨР“ в•Ёв”җв•ӨРҗв•Ёв•ӣв•Ёв”Өв•Ёв–‘в•ӨР’в•ӨРң! в•ЁРі в•Ёв•қв•Ёв•Ўв•Ёв•ңв•ӨРҹ в•Ёв•Ўв•ӨР‘в•ӨР’в•ӨРң в•ӨР’в•Ёв•ӣ, в•ӨР—в•ӨР’в•Ёв•ӣ в•Ёв–“в•ӨРӣ в•Ёв••в•ӨРҷв•Ёв•Ўв•ӨР’в•Ёв•Ў (в”¬Р»в•Ёв–“в•ӨРӣв•Ёв–‘в•Ёв–“в•ӨРӣв•Ёв–‘в”¬в•—). в•ЁРӨв•Ёв–‘в•Ёв–“в•Ёв–‘в•Ёв•Јв•ӨР’в•Ёв•Ў в•Ёв•ӣв•Ёв–’в•ӨР‘в•ӨР“в•Ёв”Өв•Ёв••в•Ёв•қ в•Ёв–“ в•ӨР—в•Ёв–‘в•ӨР’в•Ёв•Ў.",
    "image": "",
    "created_at": "2026-03-16T10:19:02.119Z",
    "is_read": true
  }
},
{
  "model": "market.message",
  "pk": 263,
  "fields": {
    "conversation": 9,
    "sender": [
      "Louis"
    ],
    "content": "РҒРҜР«РўPURCHASE\nLouis\n1\n800 452\n800 452\nAUEC",
    "image": "",
    "created_at": "2026-03-16T10:56:01.123Z",
    "is_read": true
  }
},
{
  "model": "market.message",
  "pk": 264,
  "fields": {
    "conversation": 9,
    "sender": [
      "user"
    ],
    "content": "СӮР¬Р•DEAL\nLouis\n1\n800 452\nAUEC\n0",
    "image": "",
    "created_at": "2026-03-16T10:56:12.445Z",
    "is_read": true
  }
},
{
  "model": "market.message",
  "pk": 265,
  "fields": {
    "conversation": 30,
    "sender": [
      "user"
    ],
    "content": "РҒРҜРЈРҙSELL_OFFER\nuser\n52\nв•ЁРӘв•ЁР°в•ЁР®в•ЁРўв•ЁР в•ЁРІв•ЁРј\n123 213\nAUEC",
    "image": "",
    "created_at": "2026-03-16T11:10:14.369Z",
    "is_read": true
  }
},
{
  "model": "market.message",
  "pk": 266,
  "fields": {
    "conversation": 30,
    "sender": [
      "Louis"
    ],
    "content": "СӮР¬Р•DEAL\nuser\n1\n123 213\nAUEC\n0",
    "image": "",
    "created_at": "2026-03-16T11:10:25.805Z",
    "is_read": true
  }
},
{
  "model": "market.message",
  "pk": 267,
  "fields": {
    "conversation": 30,
    "sender": [
      "user"
    ],
    "content": "РҒРҜРЈРҙSELL_OFFER\nuser\n28\nв•ЁРӯв•ӨР“в•Ёв•ўв•Ёв•ңв•ӨРӣ в•ӨРҗв•Ёв•Ўв•ӨР‘в•ӨР“в•ӨРҗв•ӨР‘в•ӨРӣ. в•ЁР®в•Ёв–’в•Ёв•қв•Ёв•Ўв•Ёв•ңв•ӨРҹв•ӨРһ в•Ёв•ңв•Ёв–‘ в•Ёв–’в•ӨРҗв•Ёв•ӣв•Ёв•ңв•ӨРһ в•Ёв••в•Ёв•—в•Ёв•• в•Ёв•қв•Ёв•Ўв•Ёв”Өв•Ёв–‘в•Ёв•—в•Ёв•• в•ӨР’в•Ёв–‘в•Ёв•‘в•Ёв•ўв•Ёв•Ў в•Ёв•Ўв•ӨР‘в•ӨР’в•ӨРң в•Ёв•‘в•Ёв–‘в•ӨРҗв•ӨР’в•ӨРӣ ASD\n8 000 000\nAUEC",
    "image": "",
    "created_at": "2026-03-16T11:13:27.882Z",
    "is_read": true
  }
},
{
  "model": "market.message",
  "pk": 268,
  "fields": {
    "conversation": 30,
    "sender": [
      "user"
    ],
    "content": "РҒРҜРЈРҙSELL_OFFER\nuser\n52\nв•ЁРӘв•ЁР°в•ЁР®в•ЁРўв•ЁР в•ЁРІв•ЁРј\n123 213\nAUEC",
    "image": "",
    "created_at": "2026-03-16T11:14:23.319Z",
    "is_read": true
  }
},
{
  "model": "market.message",
  "pk": 269,
  "fields": {
    "conversation": 32,
    "sender": [
      "user"
    ],
    "content": "РҒРҜР«РўPURCHASE\nuser\n2\n100 000\n200 000\nAUEC",
    "image": "",
    "created_at": "2026-03-16T11:21:17.987Z",
    "is_read": true
  }
},
{
  "model": "market.message",
  "pk": 270,
  "fields": {
    "conversation": 32,
    "sender": [
      "Louis"
    ],
    "content": "СӮР¬Р•DEAL\nuser\n2\n200 000\nAUEC\n0",
    "image": "",
    "created_at": "2026-03-16T11:21:32.391Z",
    "is_read": true
  }
},
{
  "model": "market.message",
  "pk": 272,
  "fields": {
    "conversation": 33,
    "sender": [
      "user"
    ],
    "content": "СӮР¬Р•DEAL\nLouis\n1\n100 000\nAUEC\n4",
    "image": "",
    "created_at": "2026-03-16T11:30:19.211Z",
    "is_read": true
  }
},
{
  "model": "market.message",
  "pk": 274,
  "fields": {
    "conversation": 32,
    "sender": [
      "user"
    ],
    "content": "РҒРҜР«РўPURCHASE\nuser\n1\n100 000\n100 000\nAUEC",
    "image": "",
    "created_at": "2026-03-16T11:30:48.674Z",
    "is_read": true
  }
},
{
  "model": "market.message",
  "pk": 275,
  "fields": {
    "conversation": 32,
    "sender": [
      "Louis"
    ],
    "content": "СӮР¬Р•DEAL\nuser\n1\n100 000\nAUEC\n0",
    "image": "",
    "created_at": "2026-03-16T11:32:28.685Z",
    "is_read": true
  }
},
{
  "model": "market.message",
  "pk": 277,
  "fields": {
    "conversation": 33,
    "sender": [
      "user"
    ],
    "content": "СӮР¬Р•DEAL\nLouis\n1\n100 000\nAUEC\n3",
    "image": "",
    "created_at": "2026-03-16T11:38:53.074Z",
    "is_read": true
  }
},
{
  "model": "market.message",
  "pk": 278,
  "fields": {
    "conversation": 33,
    "sender": [
      "user"
    ],
    "content": "СӮР¬Р•DEAL\nLouis\n1\n100 000\nAUEC\n2",
    "image": "",
    "created_at": "2026-03-16T11:38:53.868Z",
    "is_read": true
  }
},
{
  "model": "market.message",
  "pk": 279,
  "fields": {
    "conversation": 33,
    "sender": [
      "user"
    ],
    "content": "СӮР¬Р•DEAL\nLouis\n1\n100 000\nAUEC\n1",
    "image": "",
    "created_at": "2026-03-16T11:38:54.471Z",
    "is_read": true
  }
},
{
  "model": "market.message",
  "pk": 281,
  "fields": {
    "conversation": 33,
    "sender": [
      "user"
    ],
    "content": "СӮР¬Р•DEAL\nLouis\n1\n100 000\nAUEC\n0",
    "image": "",
    "created_at": "2026-03-16T11:53:16.297Z",
    "is_read": true
  }
},
{
  "model": "market.message",
  "pk": 283,
  "fields": {
    "conversation": 33,
    "sender": [
      "user"
    ],
    "content": "СӮР¬Р•DEAL\nLouis\n3\n100 000\nAUEC\n0",
    "image": "",
    "created_at": "2026-03-16T11:57:43.365Z",
    "is_read": true
  }
},
{
  "model": "market.message",
  "pk": 285,
  "fields": {
    "conversation": 33,
    "sender": [
      "user"
    ],
    "content": "СӮР¬Р•DEAL\nLouis\n5\n100 000\nAUEC\n0",
    "image": "",
    "created_at": "2026-03-16T12:06:34.905Z",
    "is_read": true
  }
},
{
  "model": "market.message",
  "pk": 287,
  "fields": {
    "conversation": 33,
    "sender": [
      "user"
    ],
    "content": "СӮР¬Р•DEAL\nLouis\n5\n500 000\nAUEC\n5\n100 000\nLouis",
    "image": "",
    "created_at": "2026-03-16T12:28:52.264Z",
    "is_read": true
  }
},
{
  "model": "market.message",
  "pk": 288,
  "fields": {
    "conversation": 33,
    "sender": [
      "Louis"
    ],
    "content": "РҒРҜРЈРҙSELL_OFFER\nLouis\n53\nв•ЁРёв•Ёв•—в•Ёв•Ўв•Ёв•қ в•ЁР в•Ёв–“в•Ёв•Ўв•ӨР‘\n120 000\nAUEC\n50",
    "image": "",
    "created_at": "2026-03-16T12:33:53.018Z",
    "is_read": true
  }
},
{
  "model": "market.message",
  "pk": 289,
  "fields": {
    "conversation": 33,
    "sender": [
      "user"
    ],
    "content": "СӮР¬Р•DEAL\nLouis\n5\n600 000\nAUEC\n0",
    "image": "",
    "created_at": "2026-03-16T12:34:18.337Z",
    "is_read": true
  }
},
{
  "model": "market.message",
  "pk": 290,
  "fields": {
    "conversation": 34,
    "sender": [
      "user"
    ],
    "content": "в•ЁРөв•Ёв•ӣв•ӨР—в•ӨР“ в•Ёв•ӣв•Ёв–’в•Ёв•қв•Ёв•Ўв•Ёв•ң! в•ЁРЈв•Ёв•ӣв•ӨР’в•Ёв•ӣв•Ёв–“ в•Ёв•ӣв•Ёв–’в•ӨР‘в•ӨР“в•Ёв”Өв•Ёв••в•ӨР’в•ӨРң в•Ёв•ӣв•Ёв–’в•Ёв•қв•Ёв•Ўв•Ёв•ң в•Ёв•ңв•Ёв–‘ в•Ёв–“в•Ёв–‘в•ӨРҳ в”¬Р»в•ӨР“в•ӨР–в•Ёв•Јв•ӨР–в”¬в•—. в•ЁР¬в•Ёв•ӣв•Ёв•ўв•Ёв•Ўв•ӨР’в•Ёв•Ў в•Ёв”җв•ӨРҗв•Ёв•Ўв•Ёв”Өв•Ёв•—в•Ёв•ӣв•Ёв•ўв•Ёв••в•ӨР’в•ӨРң: в•Ёв–“в•Ёв–‘в•ӨРҗв•Ёв••в•Ёв–‘в•Ёв•ңв•ӨР’в•ӨРӣ.",
    "image": "",
    "created_at": "2026-03-16T13:01:23.021Z",
    "is_read": true
  }
},
{
  "model": "market.message",
  "pk": 291,
  "fields": {
    "conversation": 34,
    "sender": [
      "Louis"
    ],
    "content": "РҒРҜРӨР” в•ЁР®в•Ёв–’в•Ёв•қв•Ёв•Ўв•Ёв•ң в•Ёв•–в•Ёв–‘в•Ёв–“в•Ёв•Ўв•ӨРҗв•ӨРҳв•ӨРЎв•Ёв•ң\n\nв•ЁРұв•Ёв”Өв•Ёв•Ўв•Ёв•—в•Ёв•‘в•Ёв–‘ в•Ёв”җв•Ёв•ӣ в”¬Р»в•ӨР“в•ӨР–в•Ёв•Јв•ӨР–в”¬в•— в•ӨР‘ user в•ӨР“в•ӨР‘в•Ёв”җв•Ёв•Ўв•ӨРҳв•Ёв•ңв•Ёв•ӣ в•Ёв•–в•Ёв–‘в•Ёв–“в•Ёв•Ўв•ӨРҗв•ӨРҳв•Ёв•Ўв•Ёв•ңв•Ёв–‘.",
    "image": "",
    "created_at": "2026-03-16T13:01:33.366Z",
    "is_read": true
  }
},
{
  "model": "market.message",
  "pk": 292,
  "fields": {
    "conversation": 35,
    "sender": [
      "Louis"
    ],
    "content": "в•ЁРөв•Ёв•ӣв•ӨР—в•ӨР“ в•Ёв•ӣв•Ёв–’в•Ёв•қв•Ёв•Ўв•Ёв•ң! в•ЁРЈв•Ёв•ӣв•ӨР’в•Ёв•ӣв•Ёв–“ в•Ёв•ӣв•Ёв–’в•ӨР‘в•ӨР“в•Ёв”Өв•Ёв••в•ӨР’в•ӨРң в•Ёв•ӣв•Ёв–’в•Ёв•қв•Ёв•Ўв•Ёв•ң в•Ёв•ңв•Ёв–‘ в•Ёв–“в•Ёв–‘в•ӨРҳ в”¬Р»в•ӨР‘в•Ёв”җв•ӨР‘в•Ёв•қв•ӨР—в•ӨР‘в•Ёв•қв•ӨР‘в•ӨР—в•Ёв•қв•ӨР‘в•ӨР—в•Ёв•қв•ӨР—в•ӨР‘в•Ёв•қв•ӨР‘в•ӨР—в•Ёв•қв•ӨР‘в•ӨР—в•Ёв•қв•ӨР—в•ӨР‘в•Ёв•қв•ӨР‘в•ӨР—в•Ёв•қв•ӨР‘в•ӨР—в•Ёв•қв•ӨР—в•ӨР‘в•Ёв•қв•ӨР‘в•ӨР—в•Ёв•қв•ӨР‘в•ӨР—в•Ёв•қв”¬в•—. в•ЁР¬в•Ёв•ӣв•Ёв•ўв•Ёв•Ўв•ӨР’в•Ёв•Ў в•Ёв”җв•ӨРҗв•Ёв•Ўв•Ёв”Өв•Ёв•—в•Ёв•ӣв•Ёв•ўв•Ёв••в•ӨР’в•ӨРң: в•ӨР’в•Ёв•ӣв•ӨР’в•Ёв•ӣ4.",
    "image": "",
    "created_at": "2026-03-25T07:45:44.907Z",
    "is_read": true
  }
},
{
  "model": "market.message",
  "pk": 293,
  "fields": {
    "conversation": 35,
    "sender": [
      "user"
    ],
    "content": "РҒРҜРӨР” в•ЁР®в•Ёв–’в•Ёв•қв•Ёв•Ўв•Ёв•ң в•Ёв•–в•Ёв–‘в•Ёв–“в•Ёв•Ўв•ӨРҗв•ӨРҳв•ӨРЎв•Ёв•ң\n\nв•ЁРұв•Ёв”Өв•Ёв•Ўв•Ёв•—в•Ёв•‘в•Ёв–‘ в•Ёв”җв•Ёв•ӣ в”¬Р»в•ӨР‘в•Ёв”җв•ӨР‘в•Ёв•қв•ӨР—в•ӨР‘в•Ёв•қв•ӨР‘в•ӨР—в•Ёв•қв•ӨР‘в•ӨР—в•Ёв•қв•ӨР—в•ӨР‘в•Ёв•қв•ӨР‘в•ӨР—в•Ёв•қв•ӨР‘в•ӨР—в•Ёв•қв•ӨР—в•ӨР‘в•Ёв•қв•ӨР‘в•ӨР—в•Ёв•қв•ӨР‘в•ӨР—в•Ёв•қв•ӨР—в•ӨР‘в•Ёв•қв•ӨР‘в•ӨР—в•Ёв•қв•ӨР‘в•ӨР—в•Ёв•қв”¬в•— в•ӨР‘ Louis в•ӨР“в•ӨР‘в•Ёв”җв•Ёв•Ўв•ӨРҳв•Ёв•ңв•Ёв•ӣ в•Ёв•–в•Ёв–‘в•Ёв–“в•Ёв•Ўв•ӨРҗв•ӨРҳв•Ёв•Ўв•Ёв•ңв•Ёв–‘.",
    "image": "",
    "created_at": "2026-03-25T07:46:00.279Z",
    "is_read": true
  }
},
{
  "model": "market.message",
  "pk": 294,
  "fields": {
    "conversation": 1,
    "sender": [
      "user"
    ],
    "content": "в•ӨРӣв•Ёв–“в•ӨРҗв•Ёв–‘в•Ёв–“в•Ёв–‘в•Ёв•—в•ӨРӣв•Ёв–“в•Ёв–‘в•ӨР’в•ӨРӣв•Ёв–“в•Ёв•—",
    "image": "",
    "created_at": "2026-03-25T09:14:32.307Z",
    "is_read": true
  }
},
{
  "model": "market.message",
  "pk": 295,
  "fields": {
    "conversation": 37,
    "sender": [
      "user"
    ],
    "content": "РҒРҜР«РўPURCHASE\nuser\n1\n1 230 000 000 000\n1 230 000 000 000\nAUEC",
    "image": "",
    "created_at": "2026-03-25T10:42:47.500Z",
    "is_read": true
  }
},
{
  "model": "market.message",
  "pk": 296,
  "fields": {
    "conversation": 37,
    "sender": [
      "Louis"
    ],
    "content": "СӮР¬Р•DEAL\nuser\n1\n1 230 000 000 000\nAUEC\n49999",
    "image": "",
    "created_at": "2026-03-25T10:43:24.247Z",
    "is_read": true
  }
},
{
  "model": "market.message",
  "pk": 297,
  "fields": {
    "conversation": 37,
    "sender": [
      "user"
    ],
    "content": "РҒРҜР«РўPURCHASE\nuser\n1\n1 230 000 000 000\n1 230 000 000 000\nAUEC",
    "image": "",
    "created_at": "2026-03-25T11:21:22.133Z",
    "is_read": true
  }
},
{
  "model": "market.message",
  "pk": 298,
  "fields": {
    "conversation": 37,
    "sender": [
      "Louis"
    ],
    "content": "СӮР¬Р•DEAL\nuser\n1\n1 230 000 000 000\nAUEC\n49998",
    "image": "",
    "created_at": "2026-03-25T11:22:03.878Z",
    "is_read": true
  }
},
{
  "model": "market.purchaserequest",
  "pk": 1,
  "fields": {
    "conversation": 15,
    "buyer": [
      "Louis"
    ],
    "quantity": 20,
    "status": "completed",
    "created_at": "2026-03-11T15:31:48.328Z"
  }
},
{
  "model": "market.purchaserequest",
  "pk": 2,
  "fields": {
    "conversation": 15,
    "buyer": [
      "Louis"
    ],
    "quantity": 10,
    "status": "completed",
    "created_at": "2026-03-11T15:38:57.794Z"
  }
},
{
  "model": "market.purchaserequest",
  "pk": 3,
  "fields": {
    "conversation": 15,
    "buyer": [
      "Louis"
    ],
    "quantity": 3,
    "status": "cancelled",
    "created_at": "2026-03-11T15:44:20.074Z"
  }
},
{
  "model": "market.purchaserequest",
  "pk": 4,
  "fields": {
    "conversation": 15,
    "buyer": [
      "Louis"
    ],
    "quantity": 1,
    "status": "completed",
    "created_at": "2026-03-11T15:47:45.151Z"
  }
},
{
  "model": "market.purchaserequest",
  "pk": 5,
  "fields": {
    "conversation": 15,
    "buyer": [
      "Louis"
    ],
    "quantity": 1,
    "status": "completed",
    "created_at": "2026-03-11T15:53:41.086Z"
  }
},
{
  "model": "market.purchaserequest",
  "pk": 6,
  "fields": {
    "conversation": 15,
    "buyer": [
      "Louis"
    ],
    "quantity": 2,
    "status": "completed",
    "created_at": "2026-03-11T15:55:43.085Z"
  }
},
{
  "model": "market.purchaserequest",
  "pk": 7,
  "fields": {
    "conversation": 14,
    "buyer": [
      "Louis"
    ],
    "quantity": 1,
    "status": "completed",
    "created_at": "2026-03-12T06:49:33.061Z"
  }
},
{
  "model": "market.purchaserequest",
  "pk": 8,
  "fields": {
    "conversation": 15,
    "buyer": [
      "Louis"
    ],
    "quantity": 15,
    "status": "completed",
    "created_at": "2026-03-12T07:04:47.066Z"
  }
},
{
  "model": "market.purchaserequest",
  "pk": 9,
  "fields": {
    "conversation": 18,
    "buyer": [
      "Louis"
    ],
    "quantity": 50,
    "status": "completed",
    "created_at": "2026-03-12T08:17:15.077Z"
  }
},
{
  "model": "market.purchaserequest",
  "pk": 10,
  "fields": {
    "conversation": 13,
    "buyer": [
      "user"
    ],
    "quantity": 1,
    "status": "completed",
    "created_at": "2026-03-12T09:50:29.363Z"
  }
},
{
  "model": "market.purchaserequest",
  "pk": 11,
  "fields": {
    "conversation": 26,
    "buyer": [
      "user"
    ],
    "quantity": 1,
    "status": "completed",
    "created_at": "2026-03-12T10:52:19.785Z"
  }
},
{
  "model": "market.purchaserequest",
  "pk": 12,
  "fields": {
    "conversation": 26,
    "buyer": [
      "user"
    ],
    "quantity": 1,
    "status": "cancelled",
    "created_at": "2026-03-12T11:13:07.827Z"
  }
},
{
  "model": "market.purchaserequest",
  "pk": 13,
  "fields": {
    "conversation": 26,
    "buyer": [
      "user"
    ],
    "quantity": 1,
    "status": "cancelled",
    "created_at": "2026-03-12T11:13:12.328Z"
  }
},
{
  "model": "market.purchaserequest",
  "pk": 14,
  "fields": {
    "conversation": 26,
    "buyer": [
      "user"
    ],
    "quantity": 1,
    "status": "cancelled",
    "created_at": "2026-03-12T11:13:14.376Z"
  }
},
{
  "model": "market.purchaserequest",
  "pk": 15,
  "fields": {
    "conversation": 26,
    "buyer": [
      "user"
    ],
    "quantity": 1,
    "status": "cancelled",
    "created_at": "2026-03-12T11:13:16.904Z"
  }
},
{
  "model": "market.purchaserequest",
  "pk": 16,
  "fields": {
    "conversation": 26,
    "buyer": [
      "user"
    ],
    "quantity": 1,
    "status": "completed",
    "created_at": "2026-03-12T11:25:04.843Z"
  }
},
{
  "model": "market.purchaserequest",
  "pk": 17,
  "fields": {
    "conversation": 25,
    "buyer": [
      "user"
    ],
    "quantity": 1,
    "status": "cancelled",
    "created_at": "2026-03-12T11:40:38.157Z"
  }
},
{
  "model": "market.purchaserequest",
  "pk": 18,
  "fields": {
    "conversation": 25,
    "buyer": [
      "user"
    ],
    "quantity": 1,
    "status": "completed",
    "created_at": "2026-03-12T12:40:09.259Z"
  }
},
{
  "model": "market.purchaserequest",
  "pk": 19,
  "fields": {
    "conversation": 14,
    "buyer": [
      "Louis"
    ],
    "quantity": 1,
    "status": "completed",
    "created_at": "2026-03-12T13:55:12.081Z"
  }
},
{
  "model": "market.purchaserequest",
  "pk": 20,
  "fields": {
    "conversation": 5,
    "buyer": [
      "Louis"
    ],
    "quantity": 1,
    "status": "completed",
    "created_at": "2026-03-16T06:37:01.352Z"
  }
},
{
  "model": "market.purchaserequest",
  "pk": 21,
  "fields": {
    "conversation": 26,
    "buyer": [
      "user"
    ],
    "quantity": 1,
    "status": "completed",
    "created_at": "2026-03-16T07:01:35.310Z"
  }
},
{
  "model": "market.purchaserequest",
  "pk": 22,
  "fields": {
    "conversation": 5,
    "buyer": [
      "Louis"
    ],
    "quantity": 1,
    "status": "completed",
    "created_at": "2026-03-16T07:12:07.443Z"
  }
},
{
  "model": "market.purchaserequest",
  "pk": 23,
  "fields": {
    "conversation": 4,
    "buyer": [
      "Louis"
    ],
    "quantity": 1,
    "status": "completed",
    "created_at": "2026-03-16T07:19:52.236Z"
  }
},
{
  "model": "market.purchaserequest",
  "pk": 24,
  "fields": {
    "conversation": 9,
    "buyer": [
      "Louis"
    ],
    "quantity": 1,
    "status": "cancelled",
    "created_at": "2026-03-16T09:59:24.916Z"
  }
},
{
  "model": "market.purchaserequest",
  "pk": 25,
  "fields": {
    "conversation": 25,
    "buyer": [
      "user"
    ],
    "quantity": 1,
    "status": "cancelled",
    "created_at": "2026-03-16T09:59:50.600Z"
  }
},
{
  "model": "market.purchaserequest",
  "pk": 26,
  "fields": {
    "conversation": 25,
    "buyer": [
      "user"
    ],
    "quantity": 1,
    "status": "completed",
    "created_at": "2026-03-16T10:08:49.096Z"
  }
},
{
  "model": "market.purchaserequest",
  "pk": 27,
  "fields": {
    "conversation": 9,
    "buyer": [
      "Louis"
    ],
    "quantity": 1,
    "status": "completed",
    "created_at": "2026-03-16T10:56:01.121Z"
  }
},
{
  "model": "market.purchaserequest",
  "pk": 28,
  "fields": {
    "conversation": 32,
    "buyer": [
      "user"
    ],
    "quantity": 2,
    "status": "completed",
    "created_at": "2026-03-16T11:21:17.980Z"
  }
},
{
  "model": "market.purchaserequest",
  "pk": 29,
  "fields": {
    "conversation": 32,
    "buyer": [
      "user"
    ],
    "quantity": 1,
    "status": "completed",
    "created_at": "2026-03-16T11:30:48.670Z"
  }
},
{
  "model": "market.purchaserequest",
  "pk": 30,
  "fields": {
    "conversation": 37,
    "buyer": [
      "user"
    ],
    "quantity": 1,
    "status": "completed",
    "created_at": "2026-03-25T10:42:47.493Z"
  }
},
{
  "model": "market.purchaserequest",
  "pk": 31,
  "fields": {
    "conversation": 37,
    "buyer": [
      "user"
    ],
    "quantity": 1,
    "status": "completed",
    "created_at": "2026-03-25T11:21:22.126Z"
  }
},
{
  "model": "market.dealcompletion",
  "pk": 1,
  "fields": {
    "conversation": 15,
    "quantity_sold": 20,
    "completed_by": [
      "user"
    ],
    "completed_at": "2026-03-11T15:33:26.344Z"
  }
},
{
  "model": "market.dealcompletion",
  "pk": 2,
  "fields": {
    "conversation": 15,
    "quantity_sold": 1,
    "completed_by": [
      "user"
    ],
    "completed_at": "2026-03-11T15:33:42.553Z"
  }
},
{
  "model": "market.dealcompletion",
  "pk": 3,
  "fields": {
    "conversation": 15,
    "quantity_sold": 10,
    "completed_by": [
      "user"
    ],
    "completed_at": "2026-03-11T15:43:06.424Z"
  }
},
{
  "model": "market.dealcompletion",
  "pk": 4,
  "fields": {
    "conversation": 15,
    "quantity_sold": 1,
    "completed_by": [
      "user"
    ],
    "completed_at": "2026-03-11T15:48:00.327Z"
  }
},
{
  "model": "market.dealcompletion",
  "pk": 5,
  "fields": {
    "conversation": 15,
    "quantity_sold": 1,
    "completed_by": [
      "user"
    ],
    "completed_at": "2026-03-11T15:53:56.110Z"
  }
},
{
  "model": "market.dealcompletion",
  "pk": 6,
  "fields": {
    "conversation": 15,
    "quantity_sold": 2,
    "completed_by": [
      "user"
    ],
    "completed_at": "2026-03-11T15:56:38.967Z"
  }
},
{
  "model": "market.dealcompletion",
  "pk": 7,
  "fields": {
    "conversation": 14,
    "quantity_sold": 1,
    "completed_by": [
      "user"
    ],
    "completed_at": "2026-03-12T06:50:09.228Z"
  }
},
{
  "model": "market.dealcompletion",
  "pk": 8,
  "fields": {
    "conversation": 15,
    "quantity_sold": 15,
    "completed_by": [
      "user"
    ],
    "completed_at": "2026-03-12T07:05:10.285Z"
  }
},
{
  "model": "market.dealcompletion",
  "pk": 9,
  "fields": {
    "conversation": 18,
    "quantity_sold": 49,
    "completed_by": [
      "user"
    ],
    "completed_at": "2026-03-12T08:19:05.279Z"
  }
},
{
  "model": "market.dealcompletion",
  "pk": 10,
  "fields": {
    "conversation": 13,
    "quantity_sold": 1,
    "completed_by": [
      "Louis"
    ],
    "completed_at": "2026-03-12T09:50:41.515Z"
  }
},
{
  "model": "market.dealcompletion",
  "pk": 11,
  "fields": {
    "conversation": 26,
    "quantity_sold": 1,
    "completed_by": [
      "Louis"
    ],
    "completed_at": "2026-03-12T10:52:42.878Z"
  }
},
{
  "model": "market.dealcompletion",
  "pk": 12,
  "fields": {
    "conversation": 26,
    "quantity_sold": 1,
    "completed_by": [
      "Louis"
    ],
    "completed_at": "2026-03-12T10:53:29.991Z"
  }
},
{
  "model": "market.dealcompletion",
  "pk": 13,
  "fields": {
    "conversation": 16,
    "quantity_sold": 1,
    "completed_by": [
      "Louis"
    ],
    "completed_at": "2026-03-12T11:09:02.442Z"
  }
},
{
  "model": "market.dealcompletion",
  "pk": 14,
  "fields": {
    "conversation": 26,
    "quantity_sold": 1,
    "completed_by": [
      "Louis"
    ],
    "completed_at": "2026-03-12T11:25:16.838Z"
  }
},
{
  "model": "market.dealcompletion",
  "pk": 15,
  "fields": {
    "conversation": 25,
    "quantity_sold": 1,
    "completed_by": [
      "Louis"
    ],
    "completed_at": "2026-03-12T11:34:40.216Z"
  }
},
{
  "model": "market.dealcompletion",
  "pk": 16,
  "fields": {
    "conversation": 20,
    "quantity_sold": 1,
    "completed_by": [
      "user"
    ],
    "completed_at": "2026-03-12T11:53:16.113Z"
  }
},
{
  "model": "market.dealcompletion",
  "pk": 17,
  "fields": {
    "conversation": 22,
    "quantity_sold": 1,
    "completed_by": [
      "user"
    ],
    "completed_at": "2026-03-12T11:54:20.346Z"
  }
},
{
  "model": "market.dealcompletion",
  "pk": 18,
  "fields": {
    "conversation": 22,
    "quantity_sold": 1,
    "completed_by": [
      "user"
    ],
    "completed_at": "2026-03-12T12:12:24.843Z"
  }
},
{
  "model": "market.dealcompletion",
  "pk": 19,
  "fields": {
    "conversation": 25,
    "quantity_sold": 1,
    "completed_by": [
      "Louis"
    ],
    "completed_at": "2026-03-12T12:15:09.053Z"
  }
},
{
  "model": "market.dealcompletion",
  "pk": 20,
  "fields": {
    "conversation": 20,
    "quantity_sold": 1,
    "completed_by": [
      "user"
    ],
    "completed_at": "2026-03-12T12:17:49.932Z"
  }
},
{
  "model": "market.dealcompletion",
  "pk": 21,
  "fields": {
    "conversation": 25,
    "quantity_sold": 1,
    "completed_by": [
      "Louis"
    ],
    "completed_at": "2026-03-12T12:40:25.925Z"
  }
},
{
  "model": "market.dealcompletion",
  "pk": 22,
  "fields": {
    "conversation": 22,
    "quantity_sold": 1,
    "completed_by": [
      "user"
    ],
    "completed_at": "2026-03-12T12:57:32.723Z"
  }
},
{
  "model": "market.dealcompletion",
  "pk": 23,
  "fields": {
    "conversation": 14,
    "quantity_sold": 1,
    "completed_by": [
      "user"
    ],
    "completed_at": "2026-03-12T13:55:33.328Z"
  }
},
{
  "model": "market.dealcompletion",
  "pk": 24,
  "fields": {
    "conversation": 22,
    "quantity_sold": 1,
    "completed_by": [
      "user"
    ],
    "completed_at": "2026-03-13T05:24:33.803Z"
  }
},
{
  "model": "market.dealcompletion",
  "pk": 25,
  "fields": {
    "conversation": 22,
    "quantity_sold": 1,
    "completed_by": [
      "user"
    ],
    "completed_at": "2026-03-13T14:25:59.813Z"
  }
},
{
  "model": "market.dealcompletion",
  "pk": 26,
  "fields": {
    "conversation": 22,
    "quantity_sold": 1,
    "completed_by": [
      "user"
    ],
    "completed_at": "2026-03-13T14:29:43.355Z"
  }
},
{
  "model": "market.dealcompletion",
  "pk": 27,
  "fields": {
    "conversation": 26,
    "quantity_sold": 1,
    "completed_by": [
      "Louis"
    ],
    "completed_at": "2026-03-13T14:43:33.948Z"
  }
},
{
  "model": "market.dealcompletion",
  "pk": 28,
  "fields": {
    "conversation": 26,
    "quantity_sold": 1,
    "completed_by": [
      "Louis"
    ],
    "completed_at": "2026-03-16T07:06:59.590Z"
  }
},
{
  "model": "market.dealcompletion",
  "pk": 29,
  "fields": {
    "conversation": 5,
    "quantity_sold": 1,
    "completed_by": [
      "user"
    ],
    "completed_at": "2026-03-16T07:07:29.887Z"
  }
},
{
  "model": "market.dealcompletion",
  "pk": 30,
  "fields": {
    "conversation": 5,
    "quantity_sold": 1,
    "completed_by": [
      "user"
    ],
    "completed_at": "2026-03-16T07:12:19.043Z"
  }
},
{
  "model": "market.dealcompletion",
  "pk": 31,
  "fields": {
    "conversation": 4,
    "quantity_sold": 1,
    "completed_by": [
      "user"
    ],
    "completed_at": "2026-03-16T07:20:13.577Z"
  }
},
{
  "model": "market.dealcompletion",
  "pk": 32,
  "fields": {
    "conversation": 5,
    "quantity_sold": 1,
    "completed_by": [
      "user"
    ],
    "completed_at": "2026-03-16T07:20:44.308Z"
  }
},
{
  "model": "market.dealcompletion",
  "pk": 33,
  "fields": {
    "conversation": 25,
    "quantity_sold": 1,
    "completed_by": [
      "Louis"
    ],
    "completed_at": "2026-03-16T10:09:14.390Z"
  }
},
{
  "model": "market.dealcompletion",
  "pk": 34,
  "fields": {
    "conversation": 9,
    "quantity_sold": 1,
    "completed_by": [
      "user"
    ],
    "completed_at": "2026-03-16T10:56:12.438Z"
  }
},
{
  "model": "market.dealcompletion",
  "pk": 35,
  "fields": {
    "conversation": 30,
    "quantity_sold": 1,
    "completed_by": [
      "Louis"
    ],
    "completed_at": "2026-03-16T11:10:25.793Z"
  }
},
{
  "model": "market.dealcompletion",
  "pk": 36,
  "fields": {
    "conversation": 32,
    "quantity_sold": 2,
    "completed_by": [
      "Louis"
    ],
    "completed_at": "2026-03-16T11:21:32.385Z"
  }
},
{
  "model": "market.dealcompletion",
  "pk": 37,
  "fields": {
    "conversation": 33,
    "quantity_sold": 1,
    "completed_by": [
      "user"
    ],
    "completed_at": "2026-03-16T11:30:19.200Z"
  }
},
{
  "model": "market.dealcompletion",
  "pk": 38,
  "fields": {
    "conversation": 32,
    "quantity_sold": 1,
    "completed_by": [
      "Louis"
    ],
    "completed_at": "2026-03-16T11:32:28.680Z"
  }
},
{
  "model": "market.dealcompletion",
  "pk": 39,
  "fields": {
    "conversation": 33,
    "quantity_sold": 1,
    "completed_by": [
      "user"
    ],
    "completed_at": "2026-03-16T11:38:53.060Z"
  }
},
{
  "model": "market.dealcompletion",
  "pk": 40,
  "fields": {
    "conversation": 33,
    "quantity_sold": 1,
    "completed_by": [
      "user"
    ],
    "completed_at": "2026-03-16T11:38:53.856Z"
  }
},
{
  "model": "market.dealcompletion",
  "pk": 41,
  "fields": {
    "conversation": 33,
    "quantity_sold": 1,
    "completed_by": [
      "user"
    ],
    "completed_at": "2026-03-16T11:38:54.454Z"
  }
},
{
  "model": "market.dealcompletion",
  "pk": 42,
  "fields": {
    "conversation": 33,
    "quantity_sold": 1,
    "completed_by": [
      "user"
    ],
    "completed_at": "2026-03-16T11:53:16.280Z"
  }
},
{
  "model": "market.dealcompletion",
  "pk": 43,
  "fields": {
    "conversation": 33,
    "quantity_sold": 3,
    "completed_by": [
      "user"
    ],
    "completed_at": "2026-03-16T11:57:43.356Z"
  }
},
{
  "model": "market.dealcompletion",
  "pk": 44,
  "fields": {
    "conversation": 33,
    "quantity_sold": 5,
    "completed_by": [
      "user"
    ],
    "completed_at": "2026-03-16T12:06:34.894Z"
  }
},
{
  "model": "market.dealcompletion",
  "pk": 45,
  "fields": {
    "conversation": 33,
    "quantity_sold": 5,
    "completed_by": [
      "user"
    ],
    "completed_at": "2026-03-16T12:28:52.251Z"
  }
},
{
  "model": "market.dealcompletion",
  "pk": 46,
  "fields": {
    "conversation": 33,
    "quantity_sold": 5,
    "completed_by": [
      "user"
    ],
    "completed_at": "2026-03-16T12:34:18.323Z"
  }
},
{
  "model": "market.dealcompletion",
  "pk": 47,
  "fields": {
    "conversation": 34,
    "quantity_sold": 1,
    "completed_by": [
      "Louis"
    ],
    "completed_at": "2026-03-16T13:01:33.360Z"
  }
},
{
  "model": "market.dealcompletion",
  "pk": 48,
  "fields": {
    "conversation": 35,
    "quantity_sold": 1,
    "completed_by": [
      "user"
    ],
    "completed_at": "2026-03-25T07:46:00.268Z"
  }
},
{
  "model": "market.dealcompletion",
  "pk": 49,
  "fields": {
    "conversation": 37,
    "quantity_sold": 1,
    "completed_by": [
      "Louis"
    ],
    "completed_at": "2026-03-25T10:43:24.239Z"
  }
},
{
  "model": "market.dealcompletion",
  "pk": 50,
  "fields": {
    "conversation": 37,
    "quantity_sold": 1,
    "completed_by": [
      "Louis"
    ],
    "completed_at": "2026-03-25T11:22:03.871Z"
  }
},
{
  "model": "market.visitsession",
  "pk": 1,
  "fields": {
    "session_key": "i3qcun2vyld76si15kt14374bc5xtw74",
    "user": [
      "Louis"
    ],
    "ip_address": "127.0.0.1",
    "user_agent": "Mozilla/5.0 (Windows NT 10.0; Win64; x64) AppleWebKit/537.36 (KHTML, like Gecko) Cursor/2.5.26 Chrome/142.0.7444.265 Electron/39.4.0 Safari/537.36",
    "first_path": "/admin/market/visitsession/",
    "last_path": "/global-chat/",
    "first_referrer": "http://127.0.0.1:8000/admin/market/sitesettings/",
    "last_referrer": "http://127.0.0.1:8000/",
    "pageviews": 1846,
    "first_seen": "2026-03-02T09:50:12.820Z",
    "last_seen": "2026-03-02T13:22:21.821Z"
  }
},
{
  "model": "market.visitsession",
  "pk": 2,
  "fields": {
    "session_key": "gh4jz3bi8n8ocrinrsutmd46qnt0koeh",
    "user": [
      "user"
    ],
    "ip_address": "127.0.0.1",
    "user_agent": "Mozilla/5.0 (Windows NT 10.0; Win64; x64) AppleWebKit/537.36 (KHTML, like Gecko) Chrome/145.0.0.0 Safari/537.36",
    "first_path": "/global-chat/",
    "last_path": "/heartbeat/",
    "first_referrer": "http://127.0.0.1:8000/",
    "last_referrer": "http://127.0.0.1:8000/accounts/logout/",
    "pageviews": 895,
    "first_seen": "2026-03-02T09:50:31.385Z",
    "last_seen": "2026-03-02T13:15:42.101Z"
  }
},
{
  "model": "market.visitsession",
  "pk": 3,
  "fields": {
    "session_key": "z2amg0sccczv6zhgshdq6gy8dxq8aexn",
    "user": null,
    "ip_address": "127.0.0.1",
    "user_agent": "Mozilla/5.0 (Windows NT 10.0; Win64; x64) AppleWebKit/537.36 (KHTML, like Gecko) Chrome/145.0.0.0 Safari/537.36",
    "first_path": "/",
    "last_path": "/accounts/login/",
    "first_referrer": "http://127.0.0.1:8000/accounts/logout/",
    "last_referrer": "http://127.0.0.1:8000/accounts/signup/",
    "pageviews": 16,
    "first_seen": "2026-03-02T13:15:43.517Z",
    "last_seen": "2026-03-02T13:16:33.712Z"
  }
},
{
  "model": "market.visitsession",
  "pk": 4,
  "fields": {
    "session_key": "bdbml0lnzhviy6998tlbgjjhz3rtvcz4",
    "user": [
      "user"
    ],
    "ip_address": "127.0.0.1",
    "user_agent": "Mozilla/5.0 (Windows NT 10.0; Win64; x64) AppleWebKit/537.36 (KHTML, like Gecko) Chrome/145.0.0.0 Safari/537.36",
    "first_path": "/",
    "last_path": "/heartbeat/",
    "first_referrer": "http://127.0.0.1:8000/accounts/login/",
    "last_referrer": "http://127.0.0.1:8000/accounts/logout/",
    "pageviews": 791,
    "first_seen": "2026-03-02T13:16:40.824Z",
    "last_seen": "2026-03-03T07:10:01.395Z"
  }
},
{
  "model": "market.visitsession",
  "pk": 5,
  "fields": {
    "session_key": "u9hx0ho0o3dz5i9eq71vdg4095la8qjm",
    "user": null,
    "ip_address": "127.0.0.1",
    "user_agent": "Mozilla/5.0 (Windows NT 10.0; Win64; x64) AppleWebKit/537.36 (KHTML, like Gecko) Cursor/2.5.26 Chrome/142.0.7444.265 Electron/39.4.0 Safari/537.36",
    "first_path": "/admin/market/category/",
    "last_path": "/global-chat/",
    "first_referrer": "",
    "last_referrer": "http://127.0.0.1:8000/",
    "pageviews": 8,
    "first_seen": "2026-03-03T05:31:37.025Z",
    "last_seen": "2026-03-03T05:34:00.533Z"
  }
},
{
  "model": "market.visitsession",
  "pk": 6,
  "fields": {
    "session_key": "4dglsdtv9zgalymk915d0niuno166gky",
    "user": [
      "Louis"
    ],
    "ip_address": "127.0.0.1",
    "user_agent": "Mozilla/5.0 (Windows NT 10.0; Win64; x64) AppleWebKit/537.36 (KHTML, like Gecko) Cursor/2.5.26 Chrome/142.0.7444.265 Electron/39.4.0 Safari/537.36",
    "first_path": "/admin/market/category/",
    "last_path": "/heartbeat/",
    "first_referrer": "http://127.0.0.1:8000/admin/login/?next=/admin/market/category/",
    "last_referrer": "http://127.0.0.1:8000/accounts/logout/",
    "pageviews": 1846,
    "first_seen": "2026-03-03T05:34:04.825Z",
    "last_seen": "2026-03-03T08:34:16.423Z"
  }
},
{
  "model": "market.visitsession",
  "pk": 7,
  "fields": {
    "session_key": "r5xv9kwowgi3msnujopdu7pbjb4r22lc",
    "user": null,
    "ip_address": "127.0.0.1",
    "user_agent": "Mozilla/5.0 (Windows NT 10.0; Win64; x64) AppleWebKit/537.36 (KHTML, like Gecko) Chrome/145.0.0.0 Safari/537.36",
    "first_path": "/",
    "last_path": "/accounts/login/",
    "first_referrer": "http://127.0.0.1:8000/accounts/logout/",
    "last_referrer": "http://127.0.0.1:8000/accounts/signup/",
    "pageviews": 6,
    "first_seen": "2026-03-03T07:10:02.327Z",
    "last_seen": "2026-03-03T07:21:32.428Z"
  }
},
{
  "model": "market.visitsession",
  "pk": 8,
  "fields": {
    "session_key": "gikxv9graz2zvznwtrrbl29d5u4rrjr6",
    "user": [
      "user"
    ],
    "ip_address": "127.0.0.1",
    "user_agent": "Mozilla/5.0 (Windows NT 10.0; Win64; x64) AppleWebKit/537.36 (KHTML, like Gecko) Chrome/145.0.0.0 Safari/537.36",
    "first_path": "/",
    "last_path": "/heartbeat/",
    "first_referrer": "http://127.0.0.1:8000/accounts/login/",
    "last_referrer": "http://127.0.0.1:8000/accounts/logout/",
    "pageviews": 9,
    "first_seen": "2026-03-03T07:21:45.096Z",
    "last_seen": "2026-03-03T07:22:05.935Z"
  }
},
{
  "model": "market.visitsession",
  "pk": 9,
  "fields": {
    "session_key": "jlnq2oi7856e58snx0fehgoh8fmgm8if",
    "user": null,
    "ip_address": "127.0.0.1",
    "user_agent": "Mozilla/5.0 (Windows NT 10.0; Win64; x64) AppleWebKit/537.36 (KHTML, like Gecko) Chrome/145.0.0.0 Safari/537.36",
    "first_path": "/",
    "last_path": "/accounts/login/",
    "first_referrer": "http://127.0.0.1:8000/accounts/logout/",
    "last_referrer": "http://127.0.0.1:8000/",
    "pageviews": 394,
    "first_seen": "2026-03-03T07:22:07.385Z",
    "last_seen": "2026-03-06T07:23:05.799Z"
  }
},
{
  "model": "market.visitsession",
  "pk": 10,
  "fields": {
    "session_key": "xhx01mhw3wdbnsxbgmixrpcphhy7rjke",
    "user": null,
    "ip_address": "127.0.0.1",
    "user_agent": "Mozilla/5.0 (Windows NT 10.0; Win64; x64) AppleWebKit/537.36 (KHTML, like Gecko) Chrome/143.0.0.0 Safari/537.36 OPR/127.0.0.0",
    "first_path": "/",
    "last_path": "/listings/",
    "first_referrer": "",
    "last_referrer": "http://127.0.0.1:8000/",
    "pageviews": 195,
    "first_seen": "2026-03-03T08:21:03.020Z",
    "last_seen": "2026-03-17T06:23:18.027Z"
  }
},
{
  "model": "market.visitsession",
  "pk": 11,
  "fields": {
    "session_key": "6ypqpd73uy7mjtuie53t5hhzw6og4tig",
    "user": null,
    "ip_address": "127.0.0.1",
    "user_agent": "Mozilla/5.0 (Windows NT 10.0; Win64; x64) AppleWebKit/537.36 (KHTML, like Gecko) Chrome/142.0.0.0 YaBrowser/25.12.0.0 Safari/537.36",
    "first_path": "/",
    "last_path": "/global-chat/",
    "first_referrer": "",
    "last_referrer": "http://127.0.0.1:8000/",
    "pageviews": 96,
    "first_seen": "2026-03-03T08:31:54.635Z",
    "last_seen": "2026-03-11T14:23:02.522Z"
  }
},
{
  "model": "market.visitsession",
  "pk": 12,
  "fields": {
    "session_key": "le714gle07ax3y9upgdg1ob60a2ou9nj",
    "user": null,
    "ip_address": "127.0.0.1",
    "user_agent": "Mozilla/5.0 (Windows NT 10.0; Win64; x64) AppleWebKit/537.36 (KHTML, like Gecko) Cursor/2.5.26 Chrome/142.0.7444.265 Electron/39.4.0 Safari/537.36",
    "first_path": "/",
    "last_path": "/accounts/login/",
    "first_referrer": "http://127.0.0.1:8000/accounts/logout/",
    "last_referrer": "http://127.0.0.1:8000/",
    "pageviews": 124,
    "first_seen": "2026-03-03T08:34:17.826Z",
    "last_seen": "2026-03-03T09:17:32.741Z"
  }
},
{
  "model": "market.visitsession",
  "pk": 13,
  "fields": {
    "session_key": "ci04xran6ia4wjrku6mudm740ckglys9",
    "user": null,
    "ip_address": "127.0.0.1",
    "user_agent": "Mozilla/5.0 (Windows NT; Windows NT 10.0; ru-RU) WindowsPowerShell/5.1.19041.6093",
    "first_path": "/accounts/login/",
    "last_path": "/accounts/login/",
    "first_referrer": "",
    "last_referrer": "",
    "pageviews": 1,
    "first_seen": "2026-03-03T08:40:21.351Z",
    "last_seen": "2026-03-03T08:40:21.351Z"
  }
},
{
  "model": "market.visitsession",
  "pk": 14,
  "fields": {
    "session_key": "hplegfodcn3rfgj7w2ga87sq8n77ey0t",
    "user": null,
    "ip_address": "127.0.0.1",
    "user_agent": "curl/8.13.0",
    "first_path": "/accounts/login/",
    "last_path": "/accounts/login/",
    "first_referrer": "",
    "last_referrer": "",
    "pageviews": 1,
    "first_seen": "2026-03-03T08:40:52.479Z",
    "last_seen": "2026-03-03T08:40:52.479Z"
  }
},
{
  "model": "market.visitsession",
  "pk": 15,
  "fields": {
    "session_key": "ia387xz2c3e403z2p9dwvc48jlj2tp4f",
    "user": null,
    "ip_address": "127.0.0.1",
    "user_agent": "curl/8.13.0",
    "first_path": "/accounts/login/",
    "last_path": "/accounts/login/",
    "first_referrer": "",
    "last_referrer": "",
    "pageviews": 1,
    "first_seen": "2026-03-03T08:43:34.649Z",
    "last_seen": "2026-03-03T08:43:34.649Z"
  }
},
{
  "model": "market.visitsession",
  "pk": 16,
  "fields": {
    "session_key": "6519gnzdxts0jzk6vius8e9f64rxuy5b",
    "user": null,
    "ip_address": "127.0.0.1",
    "user_agent": "curl/8.13.0",
    "first_path": "/accounts/signup/",
    "last_path": "/accounts/signup/",
    "first_referrer": "",
    "last_referrer": "",
    "pageviews": 1,
    "first_seen": "2026-03-03T08:45:42.700Z",
    "last_seen": "2026-03-03T08:45:42.700Z"
  }
},
{
  "model": "market.visitsession",
  "pk": 17,
  "fields": {
    "session_key": "auzlh9vb5xnlthubraigxd0fu3g96zln",
    "user": null,
    "ip_address": "127.0.0.1",
    "user_agent": "curl/8.13.0",
    "first_path": "/accounts/login/",
    "last_path": "/accounts/login/",
    "first_referrer": "",
    "last_referrer": "",
    "pageviews": 1,
    "first_seen": "2026-03-03T08:51:21.673Z",
    "last_seen": "2026-03-03T08:51:21.673Z"
  }
},
{
  "model": "market.visitsession",
  "pk": 18,
  "fields": {
    "session_key": "ue9f0f9pt8lc7d4naveiwy41bveax5gs",
    "user": null,
    "ip_address": "127.0.0.1",
    "user_agent": "curl/8.13.0",
    "first_path": "/accounts/signup/",
    "last_path": "/accounts/signup/",
    "first_referrer": "",
    "last_referrer": "",
    "pageviews": 1,
    "first_seen": "2026-03-03T08:51:33.170Z",
    "last_seen": "2026-03-03T08:51:33.170Z"
  }
},
{
  "model": "market.visitsession",
  "pk": 19,
  "fields": {
    "session_key": "wtogil5o1mrf8iss046yyurr0drw215b",
    "user": null,
    "ip_address": "127.0.0.1",
    "user_agent": "curl/8.13.0",
    "first_path": "/accounts/login/",
    "last_path": "/accounts/login/",
    "first_referrer": "",
    "last_referrer": "",
    "pageviews": 1,
    "first_seen": "2026-03-03T08:54:43.127Z",
    "last_seen": "2026-03-03T08:54:43.127Z"
  }
},
{
  "model": "market.visitsession",
  "pk": 20,
  "fields": {
    "session_key": "yv89f63wi688q1d9s0m17p1wjmk3n6go",
    "user": null,
    "ip_address": "127.0.0.1",
    "user_agent": "curl/8.13.0",
    "first_path": "/accounts/login/",
    "last_path": "/accounts/login/",
    "first_referrer": "",
    "last_referrer": "",
    "pageviews": 1,
    "first_seen": "2026-03-03T08:58:23.745Z",
    "last_seen": "2026-03-03T08:58:23.745Z"
  }
},
{
  "model": "market.visitsession",
  "pk": 21,
  "fields": {
    "session_key": "gmcfks7fue8oaz5v1r2e5z5zjows3s22",
    "user": [
      "Louis"
    ],
    "ip_address": "127.0.0.1",
    "user_agent": "Mozilla/5.0 (Windows NT 10.0; Win64; x64) AppleWebKit/537.36 (KHTML, like Gecko) Cursor/2.5.26 Chrome/142.0.7444.265 Electron/39.4.0 Safari/537.36",
    "first_path": "/",
    "last_path": "/global-chat/",
    "first_referrer": "http://127.0.0.1:8000/accounts/login/",
    "last_referrer": "http://127.0.0.1:8000/",
    "pageviews": 45,
    "first_seen": "2026-03-03T09:17:44.060Z",
    "last_seen": "2026-03-03T09:19:18.803Z"
  }
},
{
  "model": "market.visitsession",
  "pk": 22,
  "fields": {
    "session_key": "jlnpli5jgaopulgktlqa7zswgxzfsc3p",
    "user": null,
    "ip_address": "127.0.0.1",
    "user_agent": "Mozilla/5.0 (Windows NT 10.0; Win64; x64) AppleWebKit/537.36 (KHTML, like Gecko) Cursor/2.5.26 Chrome/142.0.7444.265 Electron/39.4.0 Safari/537.36",
    "first_path": "/",
    "last_path": "/global-chat/",
    "first_referrer": "",
    "last_referrer": "http://127.0.0.1:8000/",
    "pageviews": 909,
    "first_seen": "2026-03-03T09:38:39.788Z",
    "last_seen": "2026-03-11T14:50:27.888Z"
  }
},
{
  "model": "market.visitsession",
  "pk": 23,
  "fields": {
    "session_key": "zxt9yx4h603y7eyqwl5a7rg1ub38yj7v",
    "user": [
      "user"
    ],
    "ip_address": "127.0.0.1",
    "user_agent": "Mozilla/5.0 (Windows NT 10.0; Win64; x64) AppleWebKit/537.36 (KHTML, like Gecko) Chrome/145.0.0.0 Safari/537.36",
    "first_path": "/",
    "last_path": "/global-chat/",
    "first_referrer": "http://127.0.0.1:8000/accounts/login/?next=/listing/new/",
    "last_referrer": "http://127.0.0.1:8000/",
    "pageviews": 26531,
    "first_seen": "2026-03-06T07:23:16.908Z",
    "last_seen": "2026-03-17T07:34:06.026Z"
  }
},
{
  "model": "market.visitsession",
  "pk": 24,
  "fields": {
    "session_key": "joe64ip0mc7g9m7pax56tka4gw19w6ug",
    "user": [
      "Louis"
    ],
    "ip_address": "127.0.0.1",
    "user_agent": "Mozilla/5.0 (Windows NT 10.0; Win64; x64) AppleWebKit/537.36 (KHTML, like Gecko) Cursor/2.6.12 Chrome/142.0.7444.265 Electron/39.6.0 Safari/537.36",
    "first_path": "/admin/market/category/",
    "last_path": "/admin/jsi18n/",
    "first_referrer": "http://127.0.0.1:8000/admin/login/?next=/admin/market/category/",
    "last_referrer": "http://127.0.0.1:8000/admin/market/musictrack/",
    "pageviews": 17669,
    "first_seen": "2026-03-11T14:50:28.479Z",
    "last_seen": "2026-03-25T06:16:11.825Z"
  }
},
{
  "model": "market.visitsession",
  "pk": 25,
  "fields": {
    "session_key": "7zjjck51z4fne890akcx5pl86uo5vyo0",
    "user": null,
    "ip_address": "127.0.0.1",
    "user_agent": "Python-urllib/3.14",
    "first_path": "/listing/47/",
    "last_path": "/listing/47/",
    "first_referrer": "",
    "last_referrer": "",
    "pageviews": 1,
    "first_seen": "2026-03-12T11:23:24.134Z",
    "last_seen": "2026-03-12T11:23:24.134Z"
  }
},
{
  "model": "market.visitsession",
  "pk": 26,
  "fields": {
    "session_key": "lip5oziioo65rolikpf9vapytubcp5aw",
    "user": null,
    "ip_address": "127.0.0.1",
    "user_agent": "Python-urllib/3.14",
    "first_path": "/listing/47/",
    "last_path": "/listing/47/",
    "first_referrer": "",
    "last_referrer": "",
    "pageviews": 1,
    "first_seen": "2026-03-12T11:24:58.785Z",
    "last_seen": "2026-03-12T11:24:58.785Z"
  }
},
{
  "model": "market.visitsession",
  "pk": 27,
  "fields": {
    "session_key": "r5uihvjcvwtv3rp276ufvpns4s4jmxpz",
    "user": null,
    "ip_address": "127.0.0.1",
    "user_agent": "",
    "first_path": "/",
    "last_path": "/",
    "first_referrer": "",
    "last_referrer": "",
    "pageviews": 1,
    "first_seen": "2026-03-13T11:04:27.862Z",
    "last_seen": "2026-03-13T11:04:27.862Z"
  }
},
{
  "model": "market.visitsession",
  "pk": 28,
  "fields": {
    "session_key": "3l02jw5sstay2efqceltcqaekrt2klm5",
    "user": null,
    "ip_address": "127.0.0.1",
    "user_agent": "",
    "first_path": "/",
    "last_path": "/",
    "first_referrer": "",
    "last_referrer": "",
    "pageviews": 1,
    "first_seen": "2026-03-13T11:06:17.975Z",
    "last_seen": "2026-03-13T11:06:17.975Z"
  }
},
{
  "model": "market.visitsession",
  "pk": 29,
  "fields": {
    "session_key": "73rrxleryd9245brzxlz4m4k9he71rwg",
    "user": null,
    "ip_address": "127.0.0.1",
    "user_agent": "",
    "first_path": "/",
    "last_path": "/",
    "first_referrer": "",
    "last_referrer": "",
    "pageviews": 1,
    "first_seen": "2026-03-13T11:06:59.744Z",
    "last_seen": "2026-03-13T11:06:59.744Z"
  }
},
{
  "model": "market.visitsession",
  "pk": 30,
  "fields": {
    "session_key": "0d4slv31o7p1ydv0xu6dvaexdmm2l6iu",
    "user": null,
    "ip_address": "127.0.0.1",
    "user_agent": "curl/8.13.0",
    "first_path": "/",
    "last_path": "/",
    "first_referrer": "",
    "last_referrer": "",
    "pageviews": 1,
    "first_seen": "2026-03-24T12:38:47.019Z",
    "last_seen": "2026-03-24T12:38:47.019Z"
  }
},
{
  "model": "market.visitsession",
  "pk": 31,
  "fields": {
    "session_key": "vl6lq6i006278zzh1bjbx6o1y87sn0ty",
    "user": null,
    "ip_address": "127.0.0.1",
    "user_agent": "Mozilla/5.0 (Windows NT 10.0; Win64; x64) AppleWebKit/537.36 (KHTML, like Gecko) Chrome/146.0.0.0 Safari/537.36",
    "first_path": "/",
    "last_path": "/accounts/login/",
    "first_referrer": "",
    "last_referrer": "http://127.0.0.1:8000/accounts/signup/",
    "pageviews": 1906,
    "first_seen": "2026-03-24T12:39:37.040Z",
    "last_seen": "2026-03-25T07:23:16.447Z"
  }
},
{
  "model": "market.visitsession",
  "pk": 32,
  "fields": {
    "session_key": "sas9jo2xa1g3ikqpocl0azkzj715vbxl",
    "user": null,
    "ip_address": "127.0.0.1",
    "user_agent": "curl/8.13.0",
    "first_path": "/",
    "last_path": "/",
    "first_referrer": "",
    "last_referrer": "",
    "pageviews": 1,
    "first_seen": "2026-03-24T12:41:09.484Z",
    "last_seen": "2026-03-24T12:41:09.484Z"
  }
},
{
  "model": "market.visitsession",
  "pk": 33,
  "fields": {
    "session_key": "plt6rfb4lxmnm8z4ftheznqbd6abbvfs",
    "user": null,
    "ip_address": "127.0.0.1",
    "user_agent": "Mozilla/5.0 (Windows NT 10.0; Win64; x64) AppleWebKit/537.36 (KHTML, like Gecko) Cursor/2.6.21 Chrome/142.0.7444.265 Electron/39.8.1 Safari/537.36",
    "first_path": "/",
    "last_path": "/admin/login/",
    "first_referrer": "http://127.0.0.1:8000/admin/market/musictrack/",
    "last_referrer": "http://127.0.0.1:8000/",
    "pageviews": 14,
    "first_seen": "2026-03-25T06:16:51.398Z",
    "last_seen": "2026-03-25T06:30:19.764Z"
  }
},
{
  "model": "market.visitsession",
  "pk": 34,
  "fields": {
    "session_key": "qd03wgigqcpx6u34w0fo22cgpd0zetgf",
    "user": [
      "Louis"
    ],
    "ip_address": "127.0.0.1",
    "user_agent": "Mozilla/5.0 (Windows NT 10.0; Win64; x64) AppleWebKit/537.36 (KHTML, like Gecko) Cursor/2.6.21 Chrome/142.0.7444.265 Electron/39.8.1 Safari/537.36",
    "first_path": "/admin/",
    "last_path": "/global-chat/",
    "first_referrer": "http://127.0.0.1:8000/admin/login/?next=/admin/",
    "last_referrer": "http://127.0.0.1:8000/",
    "pageviews": 2305,
    "first_seen": "2026-03-25T06:37:45.366Z",
    "last_seen": "2026-03-25T14:23:54.032Z"
  }
},
{
  "model": "market.visitsession",
  "pk": 35,
  "fields": {
    "session_key": "0lcf2ikte9r5082mmgvth7c074v6zp4h",
    "user": [
      "user"
    ],
    "ip_address": "127.0.0.1",
    "user_agent": "Mozilla/5.0 (Windows NT 10.0; Win64; x64) AppleWebKit/537.36 (KHTML, like Gecko) Chrome/146.0.0.0 Safari/537.36",
    "first_path": "/",
    "last_path": "/global-chat/",
    "first_referrer": "http://127.0.0.1:8000/accounts/login/",
    "last_referrer": "http://127.0.0.1:8000/",
    "pageviews": 1824,
    "first_seen": "2026-03-25T07:29:49.231Z",
    "last_seen": "2026-03-25T13:38:03.180Z"
  }
},
{
  "model": "market.visitsession",
  "pk": 36,
  "fields": {
    "session_key": "jy0y7af4ws4e84jqka3ew7otc5c19jzg",
    "user": null,
    "ip_address": "127.0.0.1",
    "user_agent": "Mozilla/5.0 (Windows NT 10.0; Win64; x64) AppleWebKit/537.36 (KHTML, like Gecko) Chrome/146.0.0.0 Safari/537.36",
    "first_path": "/",
    "last_path": "/accounts/login/",
    "first_referrer": "",
    "last_referrer": "https://attended-twist-trips-origins.trycloudflare.com/",
    "pageviews": 56,
    "first_seen": "2026-03-25T14:12:16.908Z",
    "last_seen": "2026-03-25T14:20:18.626Z"
  }
},
{
  "model": "market.visitsession",
  "pk": 37,
  "fields": {
    "session_key": "mo7jwf6whgj3nyoa6anj8v8kz2p6uy0z",
    "user": null,
    "ip_address": "127.0.0.1",
    "user_agent": "TelegramBot (like TwitterBot)",
    "first_path": "/",
    "last_path": "/",
    "first_referrer": "",
    "last_referrer": "",
    "pageviews": 1,
    "first_seen": "2026-03-25T14:12:23.118Z",
    "last_seen": "2026-03-25T14:12:23.118Z"
  }
},
{
  "model": "market.visitsession",
  "pk": 38,
  "fields": {
    "session_key": "w9v8bic4tdp0cy9j72b431zlqg2qlqxl",
    "user": null,
    "ip_address": "127.0.0.1",
    "user_agent": "Mozilla/5.0 (compatible; Discordbot/2.0; +https://discordapp.com)",
    "first_path": "/",
    "last_path": "/",
    "first_referrer": "",
    "last_referrer": "",
    "pageviews": 1,
    "first_seen": "2026-03-25T14:13:43.596Z",
    "last_seen": "2026-03-25T14:13:43.596Z"
  }
},
{
  "model": "market.visitsession",
  "pk": 39,
  "fields": {
    "session_key": "3spccljnzapp41sb8rf88f01mtcehtby",
    "user": [
      "Louis"
    ],
    "ip_address": "127.0.0.1",
    "user_agent": "Mozilla/5.0 (Windows NT 10.0; Win64; x64) AppleWebKit/537.36 (KHTML, like Gecko) Chrome/146.0.0.0 Safari/537.36",
    "first_path": "/",
    "last_path": "/admin/jsi18n/",
    "first_referrer": "https://attended-twist-trips-origins.trycloudflare.com/accounts/login/",
    "last_referrer": "https://attended-twist-trips-origins.trycloudflare.com/admin/market/userprofile/1/change/",
    "pageviews": 17,
    "first_seen": "2026-03-25T14:21:17.070Z",
    "last_seen": "2026-03-25T14:22:31.381Z"
  }
},
{
  "model": "market.sitesettings",
  "pk": 1,
  "fields": {
    "name": "BAZAR",
    "primary_color": "#1f2937",
    "secondary_color": "#22c55e",
    "logo_text": "STAR BAZAR",
    "footer_text": "BAZAR СӮРҗРӨ в•Ёв••в•Ёв”Ӯв•ӨРҗв•Ёв•ӣв•Ёв–“в•Ёв–‘в•ӨРҹ в•ӨР’в•Ёв•ӣв•ӨРҗв•Ёв”Ӯв•Ёв•ӣв•Ёв–“в•Ёв–‘в•ӨРҹ в•Ёв”җв•Ёв•—в•Ёв•ӣв•ӨРҷв•Ёв–‘в•Ёв”Өв•Ёв•‘в•Ёв–‘",
    "hero_title": "BAZAR СӮРҗРӨ в•ЁР°в•ӨР“в•ӨР‘в•ӨР‘в•Ёв•‘в•Ёв–‘в•ӨРҹ в•ӨР’в•Ёв•ӣв•ӨРҗв•Ёв”Ӯв•Ёв•ӣв•Ёв–“в•Ёв–‘в•ӨРҹ в•Ёв”җв•Ёв•—в•Ёв•ӣв•ӨРҷв•Ёв–‘в•Ёв”Өв•Ёв•‘в•Ёв–‘ в•Ёв”җв•Ёв•ӣ Star Citizen",
    "hero_subtitle": "в•ЁРўв•ӨРӣв•ӨР‘в•ӨР’в•Ёв–‘в•Ёв–“в•Ёв•—в•ӨРҹв•Ёв•Јв•ӨР’в•Ёв•Ў в•Ёв”җв•ӨРҗв•Ёв•Ўв•Ёв”Өв•Ёв•қв•Ёв•Ўв•ӨР’в•ӨРӣ, в•Ёв•ңв•Ёв–‘в•ӨР•в•Ёв•ӣв•Ёв”Өв•Ёв••в•ӨР’в•Ёв•Ў в•Ёв–“в•ӨРӣв•Ёв”Ӯв•Ёв•ӣв•Ёв”Өв•Ёв•ңв•ӨРӣв•Ёв•Ў в•Ёв”җв•ӨРҗв•Ёв•Ўв•Ёв”Өв•Ёв•—в•Ёв•ӣв•Ёв•ўв•Ёв•Ўв•Ёв•ңв•Ёв••в•ӨРҹ в•Ёв•• в•Ёв•қв•Ёв”Ӯв•Ёв•ңв•Ёв•ӣв•Ёв–“в•Ёв•Ўв•Ёв•ңв•Ёв•ңв•Ёв•ӣ в•Ёв–“в•ӨРӣв•ӨР•в•Ёв•ӣв•Ёв”Өв•Ёв••в•ӨР’в•Ёв•Ў в•Ёв•ңв•Ёв–‘ в•ӨР‘в•Ёв–“в•ӨРҹв•Ёв•–в•ӨРң в•ӨР‘ в•Ёв”җв•ӨРҗв•Ёв•ӣв•Ёв”Өв•Ёв–‘в•Ёв–“в•ӨР–в•Ёв–‘в•Ёв•қв•Ёв•• в•ӨР—в•Ёв•Ўв•ӨРҗв•Ёв•Ўв•Ёв•– в•Ёв–“в•ӨР‘в•ӨР’в•ӨРҗв•Ёв•ӣв•Ёв•Ўв•Ёв•ңв•Ёв•ңв•ӨРӣв•Ёв•Ј в•ӨР—в•Ёв–‘в•ӨР’.",
    "how_it_works_title": "в•ЁРӘв•Ёв–‘в•Ёв•‘ в•ӨРқв•ӨР’в•Ёв•ӣ в•ӨРҗв•Ёв–‘в•Ёв–’в•Ёв•ӣв•ӨР’в•Ёв–‘в•Ёв•Ўв•ӨР’",
    "how_it_works_item1": "в•ЁРўв•ӨР•в•Ёв•ӣв•Ёв”Ө в•ӨР—в•Ёв•Ўв•ӨРҗв•Ёв•Ўв•Ёв•– Discord СӮРҗРӨ в•Ёв•ңв•Ёв•Ў в•Ёв•ңв•ӨР“в•Ёв•ўв•Ёв•ңв•ӨРӣ в•Ёв•ӣв•ӨР’в•Ёв”Өв•Ёв•Ўв•Ёв•—в•ӨРңв•Ёв•ңв•ӨРӣв•Ёв•Ў в•Ёв•—в•Ёв•ӣв•Ёв”Ӯв•Ёв••в•Ёв•ңв•ӨРӣ.",
    "how_it_works_item2": "в•ЁРЈв•Ёв••в•Ёв–’в•Ёв•‘в•Ёв••в•Ёв•Ў в•Ёв•‘в•Ёв–‘в•ӨР’в•Ёв•Ўв•Ёв”Ӯв•Ёв•ӣв•ӨРҗв•Ёв••в•Ёв•• в•Ёв”җв•Ёв•ӣв•Ёв”Ө в•Ёв–“в•Ёв–‘в•ӨРҳв•ӨР“ в•Ёв••в•Ёв”Ӯв•ӨРҗв•ӨР“: в•Ёв–’в•ӨРҗв•Ёв•ӣв•Ёв•ңв•ӨРҹ, в•ӨРҳв•Ёв•—в•Ёв•Ўв•Ёв•қв•ӨРӣ, в•Ёв•ңв•Ёв–‘в•Ёв”Ӯв•ӨРҗв•ӨР“в•Ёв”Өв•Ёв•ңв•Ёв–‘в•ӨРҹ в•Ёв–’в•ӨРҗв•Ёв•ӣв•Ёв•ңв•ӨРҹ в•Ёв•• в•Ёв”Өв•ӨРҗв•ӨР“в•Ёв”Ӯв•Ёв•ӣв•Ёв•Ў.",
    "how_it_works_item3": "в•ЁР«в•Ёв••в•ӨР—в•Ёв•ңв•ӨРӣв•Ёв•Ў в•Ёв”Өв•Ёв••в•Ёв–‘в•Ёв•—в•Ёв•ӣв•Ёв”Ӯв•Ёв•• в•Ёв”җв•Ёв•ӣ в•Ёв•‘в•Ёв–‘в•Ёв•ўв•Ёв”Өв•Ёв•ӣв•Ёв•қв•ӨР“ в•Ёв•ӣв•Ёв–’в•ӨРҡв•ӨРҹв•Ёв–“в•Ёв•—в•Ёв•Ўв•Ёв•ңв•Ёв••в•ӨРһ.",
    "how_it_works_item4": "в•ЁР¬в•Ёв•ӣв•Ёв•ўв•Ёв•ңв•Ёв•ӣ в•Ёв•ңв•Ёв–‘в•ӨР‘в•ӨР’в•ӨРҗв•Ёв•ӣв•Ёв••в•ӨР’в•ӨРң в•Ёв–“в•Ёв•ңв•Ёв•Ўв•ӨРҳв•Ёв•ңв•Ёв••в•Ёв•Ј в•Ёв–“в•Ёв••в•Ёв”Ө BAZAR в•Ёв”җв•Ёв•ӣв•Ёв”Ө в•ӨР‘в•Ёв–“в•Ёв•ӣв•Ёв•Ј в•ӨР‘в•ӨР’в•Ёв••в•Ёв•—в•ӨРң.",
    "seo_meta_title": "",
    "seo_meta_description": "",
    "seo_meta_keywords": "",
    "show_home_banner": false,
    "show_news_block": false,
    "background_media": "",
    "background_is_video": false,
    "footer_col1_title": "",
    "footer_col2_title": "",
    "footer_col3_title": "",
    "footer_left": "в”¬Р№ StarBaz 2026",
    "footer_right": "Bazar by Louis Rocket",
    "footer_about_title": "в•ЁР® в•Ёв•ңв•Ёв–‘в•ӨР‘",
    "footer_about_url": "",
    "footer_privacy_title": "в•ЁРҜв•Ёв•ӣв•Ёв•—в•Ёв••в•ӨР’в•Ёв••в•Ёв•‘в•Ёв–‘ в•Ёв•‘в•Ёв•ӣв•Ёв•ңв•ӨР”в•Ёв••в•Ёв”Өв•Ёв•Ўв•Ёв•ңв•ӨР–в•Ёв••в•Ёв–‘в•Ёв•—в•ӨРңв•Ёв•ңв•Ёв•ӣв•ӨР‘в•ӨР’в•Ёв••",
    "footer_privacy_url": "",
    "footer_discord_title": "Discord",
    "footer_discord_url": "",
    "footer_extra1_title": "",
    "footer_extra1_url": "",
    "footer_extra2_title": "",
    "footer_extra2_url": "",
    "footer_extra3_title": "",
    "footer_extra3_url": "",
    "footer_disclaimer": "в•ЁРӨв•Ёв–‘в•Ёв•ңв•Ёв•ңв•ӨРӣв•Ёв•Ј в•ӨР‘в•Ёв–‘в•Ёв•Јв•ӨР’ в•ӨРҹв•Ёв–“в•Ёв•—в•ӨРҹв•Ёв•Ўв•ӨР’в•ӨР‘в•ӨРҹ в•ӨР—в•Ёв–‘в•ӨР‘в•ӨР’в•Ёв•ңв•ӨРӣв•Ёв•қ в•Ёв”җв•ӨРҗв•Ёв•ӣв•Ёв•Ўв•Ёв•‘в•ӨР’в•Ёв•ӣв•Ёв•қ в•Ёв•ӣв•Ёв”Өв•Ёв•ңв•Ёв•ӣв•Ёв”Ӯв•Ёв•ӣ в•Ёв••в•Ёв•– в•Ёв••в•Ёв”Ӯв•ӨРҗв•Ёв•ӣв•Ёв•‘в•Ёв•ӣв•Ёв–“ Star Citizen. в•ЁР в•Ёв”Өв•Ёв•қв•Ёв••в•Ёв•ңв•Ёв••в•ӨР‘в•ӨР’в•ӨРҗв•Ёв–‘в•ӨР–в•Ёв••в•ӨРҹ в•Ёв••в•Ёв”Ӯв•ӨРҗв•ӨРӣ Cloud Imperium Games, в•Ёв•Ўв•ӨРЎ в•ӨРҗв•Ёв–‘в•Ёв•–в•ӨРҗв•Ёв–‘в•Ёв–’в•Ёв•ӣв•ӨР’в•ӨР—в•Ёв••в•Ёв•‘в•Ёв••, в•Ёв••в•Ёв•–в•Ёв”Өв•Ёв–‘в•ӨР’в•Ёв•Ўв•Ёв•—в•ӨРң в•Ёв•• в•Ёв”Өв•ӨРҗв•ӨР“в•Ёв”Ӯв•Ёв••в•Ёв•Ў в•Ёв•ӣв•ӨР”в•Ёв••в•ӨР–в•Ёв••в•Ёв–‘в•Ёв•—в•ӨРңв•Ёв•ңв•ӨРӣв•Ёв•Ў в•Ёв•—в•Ёв••в•ӨР–в•Ёв–‘, в•Ёв”җв•ӨРҗв•Ёв••в•ӨР—в•Ёв–‘в•ӨР‘в•ӨР’в•Ёв•ңв•ӨРӣв•Ёв•Ў в•Ёв•‘ в•ӨР‘в•Ёв•ӣв•Ёв•–в•Ёв”Өв•Ёв–‘в•Ёв•ңв•Ёв••в•ӨРһ в•Ёв••в•Ёв”Ӯв•ӨРҗв•ӨРӣ, в•Ёв•ңв•Ёв•Ў в•Ёв••в•Ёв•қв•Ёв•Ўв•ӨРһв•ӨР’ в•Ёв•ңв•Ёв••в•Ёв•‘в•Ёв–‘в•Ёв•‘в•Ёв•ӣв•Ёв”Ӯв•Ёв•ӣ в•Ёв•ӣв•ӨР’в•Ёв•ңв•Ёв•ӣв•ӨРҳв•Ёв•Ўв•Ёв•ңв•Ёв••в•ӨРҹ в•Ёв•‘ в•Ёв”Өв•Ёв–‘в•Ёв•ңв•Ёв•ңв•Ёв•ӣв•Ёв•қв•ӨР“ в•ӨР‘в•Ёв–‘в•Ёв•Јв•ӨР’в•ӨР“.",
    "about_page_body": "",
    "signup_legal_text": "",
    "useful_links_intro": "",
    "captcha_enabled": false
  }
},
{
  "model": "market.usefullink",
  "pk": 1,
  "fields": {
    "title": "в•ЁРұв•ӨР’в•ӨРҗв•Ёв–‘в•Ёв•ңв•Ёв••в•ӨР–в•Ёв–‘ в•Ёв•қв•Ёв•ӣв•Ёв•Ўв•Ёв”Ӯв•Ёв•ӣ Industrial Model в•Ёв–“ RSI",
    "url": "https://robertsspaceindustries.com/en/orgs/INM",
    "description": "в•ЁР®в•ӨРҗв•Ёв”Ӯв•Ёв–‘в•Ёв•ңв•Ёв••в•Ёв•–в•Ёв–‘в•ӨР–в•Ёв••в•ӨРҹ INM в•Ёв•ңв•Ёв–‘ в•Ёв•ӣв•ӨР”в•Ёв••в•ӨР–в•Ёв••в•Ёв–‘в•Ёв•—в•ӨРңв•Ёв•ңв•Ёв•ӣв•Ёв•қ в•ӨР‘в•Ёв–‘в•Ёв•Јв•ӨР’в•Ёв•Ў RSI.",
    "icon_class": "bi bi-rocket-takeoff",
    "sort_order": 10,
    "is_active": true,
    "created_at": "2026-03-25T09:56:49.691Z"
  }
},
{
  "model": "market.usefullink",
  "pk": 2,
  "fields": {
    "title": "в•ЁРЎв•Ёв–‘в•Ёв•–в•Ёв–‘ в•Ёв•‘в•Ёв•ӣв•ӨРҗв•Ёв–‘в•Ёв–’в•Ёв•—в•Ёв•Ўв•Ёв•Ј",
    "url": "https://starcitizen.tools/Ships",
    "description": "в•ЁРұв•Ёв”җв•Ёв••в•ӨР‘в•Ёв•ӣв•Ёв•‘ в•Ёв•‘в•Ёв•ӣв•ӨРҗв•Ёв–‘в•Ёв–’в•Ёв•—в•Ёв•Ўв•Ёв•Ј в•Ёв•• в•ӨР•в•Ёв–‘в•ӨРҗв•Ёв–‘в•Ёв•‘в•ӨР’в•Ёв•Ўв•ӨРҗв•Ёв••в•ӨР‘в•ӨР’в•Ёв••в•Ёв•‘ (Star Citizen Tools).",
    "icon_class": "bi bi-airplane-engines",
    "sort_order": 11,
    "is_active": true,
    "created_at": "2026-03-25T09:56:49.694Z"
  }
},
{
  "model": "market.usefullink",
  "pk": 3,
  "fields": {
    "title": "в•ЁРЎв•Ёв–‘в•Ёв•–в•Ёв–‘ в•Ёв•‘в•ӨРҗв•Ёв–‘в•ӨР”в•ӨР’в•Ёв–‘ (Crafter)",
    "url": "https://crafter.infinityfreeapp.com/",
    "description": "в•ЁРӘв•ӨРҗв•Ёв–‘в•ӨР”в•ӨР’ в•Ёв•• в•ӨРҗв•Ёв•Ўв•ӨР–в•Ёв•Ўв•Ёв”җв•ӨР’в•ӨРӣ (в•Ёв••в•Ёв•ңв•ӨР‘в•ӨР’в•ӨРҗв•ӨР“в•Ёв•қв•Ёв•Ўв•Ёв•ңв•ӨР’ в•ӨР‘в•Ёв•ӣв•Ёв•ӣв•Ёв–’в•ӨРҷв•Ёв•Ўв•ӨР‘в•ӨР’в•Ёв–“в•Ёв–‘).",
    "icon_class": "bi bi-tools",
    "sort_order": 12,
    "is_active": true,
    "created_at": "2026-03-25T09:56:49.694Z"
  }
},
{
  "model": "market.usefullink",
  "pk": 4,
  "fields": {
    "title": "в•ЁРЎв•Ёв–‘в•Ёв•–в•Ёв–‘ в•Ёв•‘в•ӨРҗв•Ёв–‘в•ӨР”в•ӨР’в•Ёв–‘ (SCMDB)",
    "url": "https://scmdb.net/",
    "description": "в•ЁРЎв•Ёв–‘в•Ёв•–в•Ёв–‘ в•Ёв”Өв•Ёв–‘в•Ёв•ңв•Ёв•ңв•ӨРӣв•ӨР• в•Ёв”җв•ӨРҗв•Ёв•Ўв•Ёв”Өв•Ёв•қв•Ёв•Ўв•ӨР’в•Ёв•ӣв•Ёв–“/в•Ёв•‘в•ӨРҗв•Ёв–‘в•ӨР”в•ӨР’в•Ёв–‘ (SCMDB).",
    "icon_class": "bi bi-database",
    "sort_order": 13,
    "is_active": true,
    "created_at": "2026-03-25T09:56:49.695Z"
  }
},
{
  "model": "market.usefullink",
  "pk": 5,
  "fields": {
    "title": "DPS в•Ёв•‘в•Ёв–‘в•Ёв•—в•ӨРңв•Ёв•‘в•ӨР“в•Ёв•—в•ӨРҹв•ӨР’в•Ёв•ӣв•ӨРҗ (Erkul)",
    "url": "https://www.erkul.games/live/calculator",
    "description": "в•ЁРҙв•Ёв••в•ӨР’в•Ёв••в•Ёв•ңв•Ёв”Ӯ, в•Ёв•ӣв•ӨРҗв•ӨР“в•Ёв•ўв•Ёв••в•Ёв•Ў в•Ёв•• в•Ёв”җв•Ёв•ӣв•Ёв”Өв•ӨР‘в•ӨР—в•ӨРЎв•ӨР’ DPS.",
    "icon_class": "bi bi-speedometer2",
    "sort_order": 14,
    "is_active": true,
    "created_at": "2026-03-25T09:56:49.695Z"
  }
},
{
  "model": "market.usefullink",
  "pk": 6,
  "fields": {
    "title": "в•ЁР в•Ёв•—в•ӨРңв•ӨР’в•Ёв•Ўв•ӨРҗв•Ёв•ңв•Ёв–‘в•ӨР’в•Ёв••в•Ёв–“в•Ёв•ңв•ӨРӣв•Ёв•Ј DPS в•Ёв•‘в•Ёв–‘в•Ёв•—в•ӨРңв•Ёв•‘в•ӨР“в•Ёв•—в•ӨРҹв•ӨР’в•Ёв•ӣв•ӨРҗ (Hardpoint)",
    "url": "https://hardpoint.io/#/",
    "description": "в•ЁР в•Ёв•—в•ӨРңв•ӨР’в•Ёв•Ўв•ӨРҗв•Ёв•ңв•Ёв–‘в•ӨР’в•Ёв••в•Ёв–“в•Ёв•ңв•ӨРӣв•Ёв•Ј в•Ёв•‘в•Ёв–‘в•Ёв•—в•ӨРңв•Ёв•‘в•ӨР“в•Ёв•—в•ӨРҹв•ӨР’в•Ёв•ӣв•ӨРҗ в•Ёв”җв•Ёв•ӣ в•Ёв–“в•Ёв•ӣв•Ёв•ӣв•ӨРҗв•ӨР“в•Ёв•ўв•Ёв•Ўв•Ёв•ңв•Ёв••в•ӨРһ в•Ёв•• DPS.",
    "icon_class": "bi bi-bullseye",
    "sort_order": 15,
    "is_active": true,
    "created_at": "2026-03-25T09:56:49.695Z"
  }
},
{
  "model": "market.usefullink",
  "pk": 7,
  "fields": {
    "title": "в•ЁРҜв•Ёв•ӣв•Ёв”Өв•Ёв•қв•Ёв•Ўв•Ёв•ңв•Ёв•ңв•ӨРӣв•Ёв•Ў в•Ёв•‘в•Ёв•ӣв•ӨРҗв•Ёв–‘в•Ёв–’в•Ёв•—в•Ёв•• в•Ёв•–в•Ёв–‘ в•Ёв•‘в•Ёв•ӣв•Ёв•ңв•ӨР–в•Ёв•Ўв•Ёв”җв•ӨР’в•ӨРӣ (Loaner Ship Matrix)",
    "url": "https://support.robertsspaceindustries.com/hc/en-us/articles/360003093114-Loaner-Ship-Matrix",
    "description": "в•ЁРұв•Ёв”җв•Ёв••в•ӨР‘в•Ёв•ӣв•Ёв•‘ loaner-в•Ёв•‘в•Ёв•ӣв•ӨРҗв•Ёв–‘в•Ёв–’в•Ёв•—в•Ёв•Ўв•Ёв•Ј в•Ёв•ӣв•ӨР’ CIG/RSI.",
    "icon_class": "bi bi-diagram-3",
    "sort_order": 16,
    "is_active": true,
    "created_at": "2026-03-25T09:56:49.695Z"
  }
},
{
  "model": "market.usefullink",
  "pk": 8,
  "fields": {
    "title": "в•ЁРІв•Ёв•ӣв•ӨРҗв•Ёв”Ӯв•Ёв•ӣв•Ёв–“в•Ёв•—в•ӨРҹ (в•Ёв•қв•Ёв–‘в•ӨРҗв•ӨРҳв•ӨРҗв•ӨР“в•ӨР’в•ӨРӣ в•Ёв•• в•ӨР–в•Ёв•Ўв•Ёв•ңв•ӨРӣ)",
    "url": "https://sc-trade.tools/home",
    "description": "в•ЁРІв•Ёв•ӣв•ӨРҗв•Ёв”Ӯв•Ёв•ӣв•Ёв–“в•ӨРӣв•Ёв•Ў в•Ёв•қв•Ёв–‘в•ӨРҗв•ӨРҳв•ӨРҗв•ӨР“в•ӨР’в•ӨРӣ, в•ӨР–в•Ёв•Ўв•Ёв•ңв•ӨРӣ, в•Ёв”җв•ӨРҗв•Ёв••в•Ёв–’в•ӨРӣв•Ёв•—в•ӨРң.",
    "icon_class": "bi bi-graph-up-arrow",
    "sort_order": 17,
    "is_active": true,
    "created_at": "2026-03-25T09:56:49.695Z"
  }
},
{
  "model": "market.usefullink",
  "pk": 9,
  "fields": {
    "title": "в•ЁРЎв•Ёв–‘в•Ёв•–в•Ёв–‘ в•ӨРҗв•Ёв•Ўв•ӨР‘в•ӨР“в•ӨРҗв•ӨР‘в•Ёв•ӣв•Ёв–“",
    "url": "https://regolith.rocks/survey/ores",
    "description": "в•ЁР°в•ӨР“в•Ёв”Өв•ӨРӣ, в•ӨРҗв•Ёв•Ўв•ӨР‘в•ӨР“в•ӨРҗв•ӨР‘в•ӨРӣ в•Ёв•• в•Ёв••в•Ёв•ңв•ӨР”в•Ёв•ӣв•ӨРҗв•Ёв•қв•Ёв–‘в•ӨР–в•Ёв••в•ӨРҹ в•Ёв”җв•Ёв•ӣ в•Ёв”Өв•Ёв•ӣв•Ёв–’в•ӨРӣв•ӨР—в•Ёв•Ў.",
    "icon_class": "bi bi-gem",
    "sort_order": 18,
    "is_active": true,
    "created_at": "2026-03-25T09:56:49.695Z"
  }
},
{
  "model": "market.usefullink",
  "pk": 10,
  "fields": {
    "title": "в•ЁРЎв•Ёв–‘в•Ёв•–в•Ёв–‘ в•Ёв”җв•ӨРҗв•Ёв•Ўв•Ёв”Өв•Ёв•қв•Ёв•Ўв•ӨР’в•Ёв•ӣв•Ёв–“",
    "url": "https://finder.cstone.space/",
    "description": "в•ЁРҜв•Ёв•ӣв•Ёв••в•ӨР‘в•Ёв•‘ в•Ёв”җв•ӨРҗв•Ёв•Ўв•Ёв”Өв•Ёв•қв•Ёв•Ўв•ӨР’в•Ёв•ӣв•Ёв–“ в•Ёв•• в•Ёв•—в•ӨР“в•ӨР’в•Ёв–‘ в•Ёв”җв•Ёв•ӣ в•Ёв•—в•Ёв•ӣв•Ёв•‘в•Ёв–‘в•ӨР–в•Ёв••в•ӨРҹв•Ёв•қ.",
    "icon_class": "bi bi-search",
    "sort_order": 19,
    "is_active": true,
    "created_at": "2026-03-25T09:56:49.695Z"
  }
},
{
  "model": "market.usefullink",
  "pk": 11,
  "fields": {
    "title": "в•ЁРҜв•Ёв•ӣв•Ёв••в•ӨР‘в•Ёв•‘в•Ёв•ӣв•Ёв–“в•Ёв••в•Ёв•‘ в•Ёв•—в•Ёв•ӣв•Ёв•‘в•Ёв–‘в•ӨР–в•Ёв••в•Ёв•Ј",
    "url": "https://verseguide.com/",
    "description": "в•ЁР«в•Ёв•ӣв•Ёв•‘в•Ёв–‘в•ӨР–в•Ёв••в•Ёв••, POI в•Ёв•• в•Ёв•ңв•Ёв–‘в•Ёв–“в•Ёв••в•Ёв”Ӯв•Ёв–‘в•ӨР–в•Ёв••в•ӨРҹ.",
    "icon_class": "bi bi-compass",
    "sort_order": 20,
    "is_active": true,
    "created_at": "2026-03-25T09:56:49.695Z"
  }
},
{
  "model": "market.usefullink",
  "pk": 12,
  "fields": {
    "title": "в•ЁРұв•ӨР’в•Ёв–‘в•ӨР’в•ӨР“в•ӨР‘ в•ӨР‘в•Ёв•Ўв•ӨРҗв•Ёв–“в•Ёв•Ўв•ӨРҗв•Ёв•ӣв•Ёв–“ RSI",
    "url": "https://status.robertsspaceindustries.com/affected/persistent-universe/index.html",
    "description": "в•ЁР в•Ёв•‘в•ӨР’в•ӨР“в•Ёв–‘в•Ёв•—в•ӨРңв•Ёв•ңв•ӨРӣв•Ёв•Ј в•ӨР‘в•ӨР’в•Ёв–‘в•ӨР’в•ӨР“в•ӨР‘ Persistent Universe.",
    "icon_class": "bi bi-activity",
    "sort_order": 21,
    "is_active": true,
    "created_at": "2026-03-25T09:56:49.695Z"
  }
},
{
  "model": "market.usefullink",
  "pk": 13,
  "fields": {
    "title": "в•ЁР°в•ӨР“в•ӨР‘в•Ёв••в•ӨР”в•Ёв••в•Ёв•‘в•Ёв–‘в•ӨР’в•Ёв•ӣв•ӨРҗ в•Ёв••в•Ёв”Ӯв•ӨРҗв•ӨРӣ",
    "url": "https://www.expanseunion.com/sc/locru",
    "description": "в•ЁР«в•Ёв•ӣв•Ёв•‘в•Ёв–‘в•Ёв•—в•Ёв••в•Ёв•–в•Ёв–‘в•ӨР–в•Ёв••в•ӨРҹ / в•ӨРҗв•ӨР“в•ӨР‘в•Ёв••в•ӨР”в•Ёв••в•Ёв•‘в•Ёв–‘в•ӨР’в•Ёв•ӣв•ӨРҗ в•Ёв•ӣв•ӨР’ в•ӨР‘в•Ёв•ӣв•Ёв•ӣв•Ёв–’в•ӨРҷв•Ёв•Ўв•ӨР‘в•ӨР’в•Ёв–“в•Ёв–‘.",
    "icon_class": "bi bi-translate",
    "sort_order": 22,
    "is_active": true,
    "created_at": "2026-03-25T09:56:49.695Z"
  }
},
{
  "model": "market.recaptchaadminkeys",
  "pk": 1,
  "fields": {
    "public_key": "6LdPQZYsAAAAAGOFJ9q_NKOOKLrIHZMRKmz4UFTH",
    "secret_key": "6LdPQZYsAAAAAOHKdS8p7R1gPeIWYp77c_-xHGqH"
  }
},
{
  "model": "market.musictrack",
  "pk": 1,
  "fields": {
    "name": "Underwater-Quallm",
    "file": "music/Underwater-Quallm.m4a",
    "sort_order": 0,
    "is_active": true,
    "created_at": "2026-03-17T05:26:27.539Z"
  }
},
{
  "model": "market.musictrack",
  "pk": 2,
  "fields": {
    "name": "Shadow Circuit",
    "file": "music/Shadow_Circuit.mp3",
    "sort_order": 1,
    "is_active": true,
    "created_at": "2026-03-24T13:57:52.356Z"
  }
},
{
  "model": "market.musictrack",
  "pk": 3,
  "fields": {
    "name": "Louis Rocet - Dark ambient fantasy",
    "file": "music/Louis_Rocet_-_Dark_ambient_fantasy.mp3",
    "sort_order": 2,
    "is_active": true,
    "created_at": "2026-03-24T14:41:25.473Z"
  }
},
{
  "model": "market.musictrack",
  "pk": 4,
  "fields": {
    "name": "Louis Rocket - Alone",
    "file": "music/Louis_Rocket_-_Alone.mp3",
    "sort_order": 3,
    "is_active": true,
    "created_at": "2026-03-24T15:06:11.327Z"
  }
},
{
  "model": "market.musictrack",
  "pk": 5,
  "fields": {
    "name": "}{asla",
    "file": "music/asla.mp3",
    "sort_order": 4,
    "is_active": true,
    "created_at": "2026-03-24T15:08:22.434Z"
  }
},
{
  "model": "market.musictrack",
  "pk": 6,
  "fields": {
    "name": "Louis Rocket - в•ЁРӯв•Ёв•ӣв•ӨР—в•ӨРң",
    "file": "music/Louis_Rocket_-_в•ЁРӯв•Ёв•ӣв•ӨР—в•ӨРң_.mp3",
    "sort_order": 5,
    "is_active": true,
    "created_at": "2026-03-25T10:18:57.492Z"
  }
},
{
  "model": "market.sellerreview",
  "pk": 1,
  "fields": {
    "listing": null,
    "seller": [
      "Louis"
    ],
    "buyer": [
      "user"
    ],
    "rating": 5,
    "text": "123123",
    "reply_text": "в•ӨР‘в•Ёв”җв•Ёв–‘в•ӨР‘в•Ёв••в•Ёв–’в•Ёв•ӣ",
    "created_at": "2026-02-27T09:05:25.886Z",
    "reply_created_at": "2026-02-27T15:59:56.308Z"
  }
},
{
  "model": "market.sellerreview",
  "pk": 2,
  "fields": {
    "listing": null,
    "seller": [
      "Louis"
    ],
    "buyer": [
      "user"
    ],
    "rating": 5,
    "text": "в•Ёв•–в•Ёв–‘в•Ёв•Ўв•Ёв–’в•Ёв••в•ӨР‘в•ӨРҹ",
    "reply_text": "в•ӨР‘в•Ёв”җв•Ёв–‘в•ӨР‘в•Ёв••в•Ёв–’в•Ёв•ӣ",
    "created_at": "2026-02-27T10:00:51.535Z",
    "reply_created_at": "2026-02-27T15:59:51.329Z"
  }
},
{
  "model": "market.sellerreview",
  "pk": 3,
  "fields": {
    "listing": null,
    "seller": [
      "user"
    ],
    "buyer": [
      "Louis"
    ],
    "rating": 5,
    "text": "в•Ёв•‘в•ӨРҗв•Ёв–‘в•ӨР‘в•Ёв–‘в•Ёв–“в•Ёв–‘",
    "reply_text": "в•ӨР‘в•Ёв”җв•Ёв–‘в•ӨР‘в•Ёв••в•Ёв–’в•Ёв•ӣ",
    "created_at": "2026-02-27T12:21:28.142Z",
    "reply_created_at": "2026-02-27T13:57:51.741Z"
  }
},
{
  "model": "market.sellerreview",
  "pk": 4,
  "fields": {
    "listing": null,
    "seller": [
      "user"
    ],
    "buyer": [
      "Louis"
    ],
    "rating": 5,
    "text": "в•Ёв•‘в•ӨРҗв•ӨР“в•ӨР’в•Ёв•ӣв•Ёв•Ј",
    "reply_text": "в•ӨР‘в•Ёв”җв•Ёв–‘в•ӨР‘в•Ёв••в•Ёв–’в•Ёв•ӣ",
    "created_at": "2026-02-27T13:59:33.879Z",
    "reply_created_at": "2026-02-27T13:59:46.052Z"
  }
},
{
  "model": "market.sellerreview",
  "pk": 5,
  "fields": {
    "listing": null,
    "seller": [
      "Louis"
    ],
    "buyer": [
      "user"
    ],
    "rating": 4,
    "text": "в•ӨР”в•ӨРӣв•Ёв–“в•Ёв–‘в•Ёв”җв•ӨРңв•Ёв–“в•Ёв–‘в•Ёв”Өв•Ёв”җв•Ёв–“в•Ёв–‘в•Ёв”Ө",
    "reply_text": "в•Ёв”Ӯв•ӨРҳв•ӨР“в•Ёв•‘в•ӨРҗв•Ёв”җв•Ёв•—в•Ёв–“в•Ёв”җв•ӨРӣв•ӨРҗв•Ёв”җв•Ёв•—",
    "created_at": "2026-02-27T14:29:09.315Z",
    "reply_created_at": "2026-02-27T14:29:30.763Z"
  }
},
{
  "model": "market.sellerreview",
  "pk": 6,
  "fields": {
    "listing": null,
    "seller": [
      "Louis"
    ],
    "buyer": [
      "user"
    ],
    "rating": 4,
    "text": "xlkjfhlkgjlkgjsdfgd",
    "reply_text": "в•ӨР‘в•Ёв”җв•Ёв–‘в•ӨР‘в•Ёв••в•Ёв–’в•Ёв•ӣ в•Ёв•–в•Ёв–‘ в•Ёв•ӣв•ӨР’в•Ёв•–в•ӨРӣв•Ёв–“",
    "created_at": "2026-03-06T07:23:41.970Z",
    "reply_created_at": "2026-03-12T09:50:53.764Z"
  }
},
{
  "model": "market.sellerreview",
  "pk": 7,
  "fields": {
    "listing": null,
    "seller": [
      "user"
    ],
    "buyer": [
      "Louis"
    ],
    "rating": 5,
    "text": "в•Ёв•–в•Ёв–‘в•Ёв•Ўв•Ёв–’в•Ёв–‘в•Ёв•— в•Ёв–“в•ӨР‘в•Ёв•Ў в•ӨР—в•ӨРЎв•ӨР’в•Ёв•‘в•Ёв•ӣ в•Ёв•ўв•Ёв•Ў",
    "reply_text": "в•ӨР‘ в•Ёв•‘в•Ёв•ӣв•Ёв•—в•ӨРңв•Ёв•‘в•Ёв•ӣ в•Ёв•ӣв•ӨР’в•Ёв•–в•ӨРӣв•Ёв–“в•Ёв•ӣв•Ёв–“ в•Ёв•қв•Ёв•ӣв•Ёв•ўв•Ёв•ңв•Ёв•ӣ в•Ёв•ӣв•ӨР‘в•ӨР’в•Ёв–‘в•Ёв–“в•Ёв••в•ӨР’в•ӨРң?",
    "created_at": "2026-03-11T14:56:16.969Z",
    "reply_created_at": "2026-03-11T15:10:25.162Z"
  }
},
{
  "model": "market.sellerreview",
  "pk": 8,
  "fields": {
    "listing": null,
    "seller": [
      "user"
    ],
    "buyer": [
      "Louis"
    ],
    "rating": 5,
    "text": "в•ЁР·в•Ёв•Ўв•ӨР’в•Ёв•‘в•Ёв•ӣ в•Ёв–’в•ӨР“в•Ёв”Өв•ӨР“ в•Ёв–’в•ӨРҗв•Ёв–‘в•ӨР’в•ӨРң в•Ёв•Ўв•ӨРҷв•Ёв•Ў",
    "reply_text": "в•ӨРҹ в•ӨРҗв•Ёв–‘в•Ёв”Ө",
    "created_at": "2026-03-11T16:06:06.042Z",
    "reply_created_at": "2026-03-11T16:08:33.084Z"
  }
},
{
  "model": "market.sellerreview",
  "pk": 9,
  "fields": {
    "listing": null,
    "seller": [
      "Louis"
    ],
    "buyer": [
      "user"
    ],
    "rating": 5,
    "text": "в•ӨР‘в•Ёв”җв•Ёв–‘в•ӨР‘в•ӨРҹв•Ёв”җ",
    "reply_text": "+",
    "created_at": "2026-03-12T10:57:26.490Z",
    "reply_created_at": "2026-03-12T11:26:33.756Z"
  }
},
{
  "model": "market.sellerreview",
  "pk": 10,
  "fields": {
    "listing": null,
    "seller": [
      "Louis"
    ],
    "buyer": [
      "user"
    ],
    "rating": 5,
    "text": "в•ӨР‘в•ӨР“в•Ёв”җв•Ёв•Ўв•ӨРҗ",
    "reply_text": "+",
    "created_at": "2026-03-12T11:12:55.195Z",
    "reply_created_at": "2026-03-12T11:26:30.214Z"
  }
},
{
  "model": "market.sellerreview",
  "pk": 11,
  "fields": {
    "listing": null,
    "seller": [
      "Louis"
    ],
    "buyer": [
      "user"
    ],
    "rating": 5,
    "text": "в•Ёв•ӣв•ӨРӣв•Ёв–“в•ӨРҗв•Ёв–‘в•ӨРҗв•Ёв–“",
    "reply_text": "+",
    "created_at": "2026-03-12T11:37:36.976Z",
    "reply_created_at": "2026-03-12T11:41:30.265Z"
  }
},
{
  "model": "market.sellerreview",
  "pk": 12,
  "fields": {
    "listing": null,
    "seller": [
      "user"
    ],
    "buyer": [
      "Louis"
    ],
    "rating": 5,
    "text": "в•ӨР‘в•Ёв”җв•Ёв–‘в•ӨР‘в•Ёв••в•Ёв–’в•Ёв•ӣ",
    "reply_text": "в•Ёв•ңв•Ёв•Ў в•Ёв–“в•Ёв•ӣв•Ёв”җв•ӨРҗв•Ёв•ӣв•ӨР‘",
    "created_at": "2026-03-16T07:12:27.885Z",
    "reply_created_at": "2026-03-16T07:14:28.236Z"
  }
},
{
  "model": "market.sellerreview",
  "pk": 13,
  "fields": {
    "listing": null,
    "seller": [
      "user"
    ],
    "buyer": [
      "Louis"
    ],
    "rating": 5,
    "text": "",
    "reply_text": "",
    "created_at": "2026-03-16T07:29:03.065Z",
    "reply_created_at": null
  }
},
{
  "model": "market.sellerreview",
  "pk": 14,
  "fields": {
    "listing": null,
    "seller": [
      "Louis"
    ],
    "buyer": [
      "user"
    ],
    "rating": 5,
    "text": "",
    "reply_text": "+",
    "created_at": "2026-03-16T10:14:50.409Z",
    "reply_created_at": "2026-03-16T11:16:38.375Z"
  }
},
{
  "model": "market.sellerreview",
  "pk": 15,
  "fields": {
    "listing": null,
    "seller": [
      "Louis"
    ],
    "buyer": [
      "user"
    ],
    "rating": 5,
    "text": "",
    "reply_text": "+",
    "created_at": "2026-03-16T10:42:22.231Z",
    "reply_created_at": "2026-03-16T11:16:34.685Z"
  }
},
{
  "model": "market.sellerreview",
  "pk": 16,
  "fields": {
    "listing": 56,
    "seller": [
      "Louis"
    ],
    "buyer": [
      "user"
    ],
    "rating": 5,
    "text": "в•ӨР—в•ӨР’в•Ёв•ӣ в•ӨРҹ в•Ёв•қв•Ёв•ӣв•Ёв”Ӯв•ӨР“ в•ӨР‘в•Ёв•‘в•Ёв–‘в•Ёв•–в•Ёв–‘в•ӨР’в•ӨРң в•Ёв•‘в•ӨРҗв•Ёв–‘в•ӨР‘в•Ёв–‘в•Ёв–“в•Ёв–‘ в•Ёв–“в•ӨР‘в•Ёв•Ў в•ӨРҗв•Ёв–‘в•Ёв–’в•Ёв•ӣв•ӨР’в•Ёв–‘в•Ёв•Ўв•ӨР’",
    "reply_text": "",
    "created_at": "2026-03-25T12:32:29.691Z",
    "reply_created_at": null
  }
},
{
  "model": "market.banner",
  "pk": 3,
  "fields": {
    "title": "1234",
    "image": "banners/_в•ӨР‘в•ӨР’в•Ёв••в•Ёв•—в•ӨРң_в•ӨР”в•Ёв–‘в•ӨР•в•Ёв–“в•Ёв•Ўв•ӨРҗв•Ёв•‘в•Ёв•ӣв•Ёв–“в•ӨРӣв•ӨР•_в•Ёв”Өв•Ёв•ӣв•Ёв•қв•Ёв•ӣв•Ёв–“_в•Ёв–’в•Ёв•ӣв•Ёв”Ӯв•Ёв–‘в•ӨР’в•ӨРӣв•ӨР•_в•Ёв•—в•ӨРһв•Ёв”Өв•Ёв•Ўв•Ёв•Ј_14_в•Ёв–“в•Ёв•Ўв•Ёв•‘в•Ёв–‘_в•Ёв–“_в•Ёв••в•Ёв”Ӯв•ӨРҗв•Ёв–‘в•Ёв–“в•Ёв•ӣв•Ёв•қ_в•ӨР‘в•ӨР’в•Ёв••в•Ёв•—в•Ёв•Ў_в•ӨР‘_в•Ёв•‘в•ӨР“в•Ёв•–в•Ёв•ңв•Ёв••в•ӨР–в•Ёв•Ўв•Ёв•Ј_в•Ёв••_в•ӨР’в•Ёв•ӣв•ӨРҗв•Ёв”Ӯ_PDpPVoE.jpg",
    "link_url": "",
    "show_in_hero": true,
    "show_under_categories": false,
    "sort_order": 3,
    "is_active": true,
    "created_at": "2026-02-27T09:25:14.013Z"
  }
},
{
  "model": "market.banner",
  "pk": 4,
  "fields": {
    "title": "123",
    "image": "banners/_в•ӨР‘в•ӨР’в•Ёв••в•Ёв•—в•ӨРң_в•ӨР”в•Ёв–‘в•ӨР•в•Ёв–“в•Ёв•Ўв•ӨРҗв•Ёв•‘в•Ёв•ӣв•Ёв–“в•ӨРӣв•ӨР•_в•Ёв”Өв•Ёв•ӣв•Ёв•қв•Ёв•ӣв•Ёв–“_в•Ёв–’в•Ёв•ӣв•Ёв”Ӯв•Ёв–‘в•ӨР’в•ӨРӣв•ӨР•_в•Ёв•—в•ӨРһв•Ёв”Өв•Ёв•Ўв•Ёв•Ј_14_в•Ёв–“в•Ёв•Ўв•Ёв•‘в•Ёв–‘_в•Ёв–“_в•Ёв••в•Ёв”Ӯв•ӨРҗв•Ёв–‘в•Ёв–“в•Ёв•ӣв•Ёв•қ_в•ӨР‘в•ӨР’в•Ёв••в•Ёв•—в•Ёв•Ў_в•ӨР‘_в•Ёв•‘в•ӨР“в•Ёв•–в•Ёв•ңв•Ёв••в•ӨР–в•Ёв•Ўв•Ёв•Ј_в•Ёв••_в•ӨР’в•Ёв•ӣв•ӨРҗв•Ёв”Ӯ_ABj2Lqh.jpg",
    "link_url": "https://123.uz",
    "show_in_hero": true,
    "show_under_categories": true,
    "sort_order": 1,
    "is_active": true,
    "created_at": "2026-02-27T15:02:46.410Z"
  }
},
{
  "model": "market.newsitem",
  "pk": 1,
  "fields": {
    "title": "в•ЁРӯв•Ёв•ӣв•Ёв–“в•ӨРӣв•Ёв•Ј в•Ёв”җв•Ёв•ӣв•Ёв•—в•Ёв•Ўв•ӨР’",
    "text": "в•Ёв•‘в•Ёв–‘в•Ёв•‘в•Ёв•ӣв•Ёв•Јв•ӨР’в•Ёв•ӣ в•ӨР’в•Ёв•Ўв•Ёв•‘в•ӨР‘в•ӨР’",
    "source": "youtube",
    "link_url": "https://www.youtube.com/watch?v=lQ0jW4PPP7s",
    "preview_image": "",
    "created_at": "2026-02-27T09:34:53.214Z",
    "is_pinned": false,
    "is_active": false
  }
},
{
  "model": "market.newsitem",
  "pk": 2,
  "fields": {
    "title": "в•Ёв•‘в•Ёв–‘в•Ёв•‘в•Ёв–‘в•ӨРҹ в•ӨР’в•Ёв•ӣ в•Ёв•ңв•Ёв•ӣв•Ёв–“в•Ёв•ӣв•ӨР‘в•ӨР’в•ӨРң",
    "text": "в•ӨР’в•Ёв•Ўв•Ёв•‘в•ӨР‘в•ӨР’ в•Ёв”Өв•Ёв•—в•Ёв••в•Ёв•ңв•Ёв•ңв•ӨРӣв•Ёв•Ј в•ӨР’в•Ёв•Ўв•Ёв•‘в•ӨР‘в•ӨР’ в•Ёв”Өв•Ёв•—в•Ёв••в•Ёв•ңв•Ёв•ңв•ӨРӣв•Ёв•Ј в•ӨР’в•Ёв•Ўв•Ёв•‘в•ӨР‘в•ӨР’ в•Ёв”Өв•Ёв•—в•Ёв••в•Ёв•ңв•Ёв•ңв•ӨРӣв•Ёв•Ј в•ӨР’в•Ёв•Ўв•Ёв•‘в•ӨР‘в•ӨР’ в•Ёв”Өв•Ёв•—в•Ёв••в•Ёв•ңв•Ёв•ңв•ӨРӣв•Ёв•Ј в•ӨР’в•Ёв•Ўв•Ёв•‘в•ӨР‘в•ӨР’ в•Ёв”Өв•Ёв•—в•Ёв••в•Ёв•ңв•Ёв•ңв•ӨРӣв•Ёв•Ј в•ӨР’в•Ёв•Ўв•Ёв•‘в•ӨР‘в•ӨР’ в•Ёв”Өв•Ёв•—в•Ёв••в•Ёв•ңв•Ёв•ңв•ӨРӣв•Ёв•Ј в•ӨР’в•Ёв•Ўв•Ёв•‘в•ӨР‘в•ӨР’ в•Ёв”Өв•Ёв•—в•Ёв••в•Ёв•ңв•Ёв•ңв•ӨРӣв•Ёв•Ј в•ӨР’в•Ёв•Ўв•Ёв•‘в•ӨР‘в•ӨР’ в•Ёв”Өв•Ёв•—в•Ёв••в•Ёв•ңв•Ёв•ңв•ӨРӣв•Ёв•Ј в•ӨР’в•Ёв•Ўв•Ёв•‘в•ӨР‘в•ӨР’ в•Ёв”Өв•Ёв•—в•Ёв••в•Ёв•ңв•Ёв•ңв•ӨРӣв•Ёв•Ј в•ӨР’в•Ёв•Ўв•Ёв•‘в•ӨР‘в•ӨР’ в•Ёв”Өв•Ёв•—в•Ёв••в•Ёв•ңв•Ёв•ңв•ӨРӣв•Ёв•Ј в•ӨР’в•Ёв•Ўв•Ёв•‘в•ӨР‘в•ӨР’ в•Ёв”Өв•Ёв•—в•Ёв••в•Ёв•ңв•Ёв•ңв•ӨРӣв•Ёв•Ј в•ӨР’в•Ёв•Ўв•Ёв•‘в•ӨР‘в•ӨР’ в•Ёв”Өв•Ёв•—в•Ёв••в•Ёв•ңв•Ёв•ңв•ӨРӣв•Ёв•Ј в•ӨР’в•Ёв•Ўв•Ёв•‘в•ӨР‘в•ӨР’ в•Ёв”Өв•Ёв•—в•Ёв••в•Ёв•ңв•Ёв•ңв•ӨРӣв•Ёв•Ј в•ӨР’в•Ёв•Ўв•Ёв•‘в•ӨР‘в•ӨР’ в•Ёв”Өв•Ёв•—в•Ёв••в•Ёв•ңв•Ёв•ңв•ӨРӣв•Ёв•Ј в•ӨР’в•Ёв•Ўв•Ёв•‘в•ӨР‘в•ӨР’ в•Ёв”Өв•Ёв•—в•Ёв••в•Ёв•ңв•Ёв•ңв•ӨРӣв•Ёв•Ј в•ӨР’в•Ёв•Ўв•Ёв•‘в•ӨР‘в•ӨР’ в•Ёв”Өв•Ёв•—в•Ёв••в•Ёв•ңв•Ёв•ңв•ӨРӣв•Ёв•Ј в•ӨР’в•Ёв•Ўв•Ёв•‘в•ӨР‘в•ӨР’ в•Ёв”Өв•Ёв•—в•Ёв••в•Ёв•ңв•Ёв•ңв•ӨРӣв•Ёв•Ј в•ӨР’в•Ёв•Ўв•Ёв•‘в•ӨР‘в•ӨР’ в•Ёв”Өв•Ёв•—в•Ёв••в•Ёв•ңв•Ёв•ңв•ӨРӣв•Ёв•Ј в•ӨР’в•Ёв•Ўв•Ёв•‘в•ӨР‘в•ӨР’ в•Ёв”Өв•Ёв•—в•Ёв••в•Ёв•ңв•Ёв•ңв•ӨРӣв•Ёв•Ј в•ӨР’в•Ёв•Ўв•Ёв•‘в•ӨР‘в•ӨР’ в•Ёв”Өв•Ёв•—в•Ёв••в•Ёв•ңв•Ёв•ңв•ӨРӣв•Ёв•Ј в•ӨР’в•Ёв•Ўв•Ёв•‘в•ӨР‘в•ӨР’ в•Ёв”Өв•Ёв•—в•Ёв••в•Ёв•ңв•Ёв•ңв•ӨРӣв•Ёв•Ј в•ӨР’в•Ёв•Ўв•Ёв•‘в•ӨР‘в•ӨР’ в•Ёв”Өв•Ёв•—в•Ёв••в•Ёв•ңв•Ёв•ңв•ӨРӣв•Ёв•Ј в•ӨР’в•Ёв•Ўв•Ёв•‘в•ӨР‘в•ӨР’ в•Ёв”Өв•Ёв•—в•Ёв••в•Ёв•ңв•Ёв•ңв•ӨРӣв•Ёв•Ј в•ӨР’в•Ёв•Ўв•Ёв•‘в•ӨР‘в•ӨР’ в•Ёв”Өв•Ёв•—в•Ёв••в•Ёв•ңв•Ёв•ңв•ӨРӣв•Ёв•Ј в•ӨР’в•Ёв•Ўв•Ёв•‘в•ӨР‘в•ӨР’ в•Ёв”Өв•Ёв•—в•Ёв••в•Ёв•ңв•Ёв•ңв•ӨРӣв•Ёв•Ј в•ӨР’в•Ёв•Ўв•Ёв•‘в•ӨР‘в•ӨР’ в•Ёв”Өв•Ёв•—в•Ёв••в•Ёв•ңв•Ёв•ңв•ӨРӣв•Ёв•Ј в•ӨР’в•Ёв•Ўв•Ёв•‘в•ӨР‘в•ӨР’ в•Ёв”Өв•Ёв•—в•Ёв••в•Ёв•ңв•Ёв•ңв•ӨРӣв•Ёв•Ј в•ӨР’в•Ёв•Ўв•Ёв•‘в•ӨР‘в•ӨР’ в•Ёв”Өв•Ёв•—в•Ёв••в•Ёв•ңв•Ёв•ңв•ӨРӣв•Ёв•Ј в•ӨР’в•Ёв•Ўв•Ёв•‘в•ӨР‘в•ӨР’ в•Ёв”Өв•Ёв•—в•Ёв••в•Ёв•ңв•Ёв•ңв•ӨРӣв•Ёв•Ј в•ӨР’в•Ёв•Ўв•Ёв•‘в•ӨР‘в•ӨР’ в•Ёв”Өв•Ёв•—в•Ёв••в•Ёв•ңв•Ёв•ңв•ӨРӣв•Ёв•Ј в•ӨР’в•Ёв•Ўв•Ёв•‘в•ӨР‘в•ӨР’ в•Ёв”Өв•Ёв•—в•Ёв••в•Ёв•ңв•Ёв•ңв•ӨРӣв•Ёв•Ј в•ӨР’в•Ёв•Ўв•Ёв•‘в•ӨР‘в•ӨР’ в•Ёв”Өв•Ёв•—в•Ёв••в•Ёв•ңв•Ёв•ңв•ӨРӣв•Ёв•Ј в•ӨР’в•Ёв•Ўв•Ёв•‘в•ӨР‘в•ӨР’ в•Ёв”Өв•Ёв•—в•Ёв••в•Ёв•ңв•Ёв•ңв•ӨРӣв•Ёв•Ј в•ӨР’в•Ёв•Ўв•Ёв•‘в•ӨР‘в•ӨР’ в•Ёв”Өв•Ёв•—в•Ёв••в•Ёв•ңв•Ёв•ңв•ӨРӣв•Ёв•Ј в•ӨР’в•Ёв•Ўв•Ёв•‘в•ӨР‘в•ӨР’ в•Ёв”Өв•Ёв•—в•Ёв••в•Ёв•ңв•Ёв•ңв•ӨРӣв•Ёв•Ј в•ӨР’в•Ёв•Ўв•Ёв•‘в•ӨР‘в•ӨР’ в•Ёв”Өв•Ёв•—в•Ёв••в•Ёв•ңв•Ёв•ңв•ӨРӣв•Ёв•Ј в•ӨР’в•Ёв•Ўв•Ёв•‘в•ӨР‘в•ӨР’ в•Ёв”Өв•Ёв•—в•Ёв••в•Ёв•ңв•Ёв•ңв•ӨРӣв•Ёв•Ј в•ӨР’в•Ёв•Ўв•Ёв•‘в•ӨР‘в•ӨР’ в•Ёв”Өв•Ёв•—в•Ёв••в•Ёв•ңв•Ёв•ңв•ӨРӣв•Ёв•Ј в•ӨР’в•Ёв•Ўв•Ёв•‘в•ӨР‘в•ӨР’ в•Ёв”Өв•Ёв•—в•Ёв••в•Ёв•ңв•Ёв•ңв•ӨРӣв•Ёв•Ј в•ӨР’в•Ёв•Ўв•Ёв•‘в•ӨР‘в•ӨР’ в•Ёв”Өв•Ёв•—в•Ёв••в•Ёв•ңв•Ёв•ңв•ӨРӣв•Ёв•Ј в•ӨР’в•Ёв•Ўв•Ёв•‘в•ӨР‘в•ӨР’ в•Ёв”Өв•Ёв•—в•Ёв••в•Ёв•ңв•Ёв•ңв•ӨРӣв•Ёв•Ј в•ӨР’в•Ёв•Ўв•Ёв•‘в•ӨР‘в•ӨР’ в•Ёв”Өв•Ёв•—в•Ёв••в•Ёв•ңв•Ёв•ңв•ӨРӣв•Ёв•Ј в•ӨР’в•Ёв•Ўв•Ёв•‘в•ӨР‘в•ӨР’ в•Ёв”Өв•Ёв•—в•Ёв••в•Ёв•ңв•Ёв•ңв•ӨРӣв•Ёв•Ј в•ӨР’в•Ёв•Ўв•Ёв•‘в•ӨР‘в•ӨР’ в•Ёв”Өв•Ёв•—в•Ёв••в•Ёв•ңв•Ёв•ңв•ӨРӣв•Ёв•Ј в•ӨР’в•Ёв•Ўв•Ёв•‘в•ӨР‘в•ӨР’ в•Ёв”Өв•Ёв•—в•Ёв••в•Ёв•ңв•Ёв•ңв•ӨРӣв•Ёв•Ј в•ӨР’в•Ёв•Ўв•Ёв•‘в•ӨР‘в•ӨР’ в•Ёв”Өв•Ёв•—в•Ёв••в•Ёв•ңв•Ёв•ңв•ӨРӣв•Ёв•Ј в•ӨР’в•Ёв•Ўв•Ёв•‘в•ӨР‘в•ӨР’ в•Ёв”Өв•Ёв•—в•Ёв••в•Ёв•ңв•Ёв•ңв•ӨРӣв•Ёв•Ј в•ӨР’в•Ёв•Ўв•Ёв•‘в•ӨР‘в•ӨР’ в•Ёв”Өв•Ёв•—в•Ёв••в•Ёв•ңв•Ёв•ңв•ӨРӣв•Ёв•Ј в•ӨР’в•Ёв•Ўв•Ёв•‘в•ӨР‘в•ӨР’ в•Ёв”Өв•Ёв•—в•Ёв••в•Ёв•ңв•Ёв•ңв•ӨРӣв•Ёв•Ј в•ӨР’в•Ёв•Ўв•Ёв•‘в•ӨР‘в•ӨР’ в•Ёв”Өв•Ёв•—в•Ёв••в•Ёв•ңв•Ёв•ңв•ӨРӣв•Ёв•Ј в•ӨР’в•Ёв•Ўв•Ёв•‘в•ӨР‘в•ӨР’ в•Ёв”Өв•Ёв•—в•Ёв••в•Ёв•ңв•Ёв•ңв•ӨРӣв•Ёв•Ј в•ӨР’в•Ёв•Ўв•Ёв•‘в•ӨР‘в•ӨР’ в•Ёв”Өв•Ёв•—в•Ёв••в•Ёв•ңв•Ёв•ңв•ӨРӣв•Ёв•Ј в•ӨР’в•Ёв•Ўв•Ёв•‘в•ӨР‘в•ӨР’ в•Ёв”Өв•Ёв•—в•Ёв••в•Ёв•ңв•Ёв•ңв•ӨРӣв•Ёв•Ј в•ӨР’в•Ёв•Ўв•Ёв•‘в•ӨР‘в•ӨР’ в•Ёв”Өв•Ёв•—в•Ёв••в•Ёв•ңв•Ёв•ңв•ӨРӣв•Ёв•Ј в•ӨР’в•Ёв•Ўв•Ёв•‘в•ӨР‘в•ӨР’ в•Ёв”Өв•Ёв•—в•Ёв••в•Ёв•ңв•Ёв•ңв•ӨРӣв•Ёв•Ј в•ӨР’в•Ёв•Ўв•Ёв•‘в•ӨР‘в•ӨР’ в•Ёв”Өв•Ёв•—в•Ёв••в•Ёв•ңв•Ёв•ңв•ӨРӣв•Ёв•Ј в•ӨР’в•Ёв•Ўв•Ёв•‘в•ӨР‘в•ӨР’ в•Ёв”Өв•Ёв•—в•Ёв••в•Ёв•ңв•Ёв•ңв•ӨРӣв•Ёв•Ј в•ӨР’в•Ёв•Ўв•Ёв•‘в•ӨР‘в•ӨР’ в•Ёв”Өв•Ёв•—в•Ёв••в•Ёв•ңв•Ёв•ңв•ӨРӣв•Ёв•Ј в•ӨР’в•Ёв•Ўв•Ёв•‘в•ӨР‘в•ӨР’ в•Ёв”Өв•Ёв•—в•Ёв••в•Ёв•ңв•Ёв•ңв•ӨРӣв•Ёв•Ј в•ӨР’в•Ёв•Ўв•Ёв•‘в•ӨР‘в•ӨР’ в•Ёв”Өв•Ёв•—в•Ёв••в•Ёв•ңв•Ёв•ңв•ӨРӣв•Ёв•Ј в•ӨР’в•Ёв•Ўв•Ёв•‘в•ӨР‘в•ӨР’ в•Ёв”Өв•Ёв•—в•Ёв••в•Ёв•ңв•Ёв•ңв•ӨРӣв•Ёв•Ј",
    "source": "youtube",
    "link_url": "https://youtu.be/uBCXDX95jtk?si=zK81NS7e9nNxJAe7",
    "preview_image": "news_previews/assets_task_01k3kjkwecf9vb0v4menv6aehf_1756225100_img_0-gigapixel-standard_v2-6x.jpg",
    "created_at": "2026-02-27T09:38:35.216Z",
    "is_pinned": false,
    "is_active": false
  }
},
{
  "model": "market.newsitem",
  "pk": 3,
  "fields": {
    "title": "в•Ёв•‘в•Ёв–‘в•Ёв•‘в•Ёв–‘в•ӨРҹ в•ӨР’в•Ёв•ӣ в•ӨР’в•Ёв•Ўв•Ёв•‘в•ӨР‘в•ӨР’в•Ёв•ӣв•Ёв–“в•Ёв–‘в•ӨРҹ в•Ёв•ңв•Ёв•ӣв•Ёв–“в•Ёв•ӣв•ӨР‘в•ӨР’в•ӨРң в•Ёв•ӣв•ӨР—в•Ёв•Ўв•Ёв•ңв•ӨРң в•Ёв•ӣв•Ёв”Ӯв•ӨРҗв•Ёв•ӣв•Ёв•қв•Ёв•ңв•Ёв•ӣв•Ёв”Ӯв•Ёв•ӣ в•ӨР’в•Ёв•Ўв•Ёв•‘в•ӨР‘в•ӨР’в•Ёв–‘",
    "text": "1231231232131223123 12312 123231 3 213 21 321 32121",
    "source": "telegram",
    "link_url": "https://t.me/termogadofficial",
    "preview_image": "news_previews/background.png",
    "created_at": "2026-02-27T09:41:33.210Z",
    "is_pinned": false,
    "is_active": false
  }
},
{
  "model": "market.newsitem",
  "pk": 4,
  "fields": {
    "title": "в•ӨРӣв•Ёв–“в•ӨРҗв•Ёв–‘",
    "text": "в•ӨРӣв•Ёв–“в•Ёв–‘в•ӨР”в•ӨРӣв•Ёв–“в•Ёв–‘в•ӨРӣв•Ёв–“в•ӨР”в•Ёв–‘в•ӨРӣв•Ёв–“в•ӨР”",
    "source": "telegram",
    "link_url": "https://t.me/termogadofficial",
    "preview_image": "news_previews/assets_task_01k3kjkwecf9vb0v4menv6aehf_1756225100_img_0-gigapixel-standard_7wXfnwR.jpg",
    "created_at": "2026-02-27T09:43:51.183Z",
    "is_pinned": false,
    "is_active": false
  }
}
]
